method,rep,dim,value,runtime
kahan,1,128,66.113326137543993,9.5900000000000005e-07
kahan,2,128,63.892852846880551,7.92e-07
kahan,3,128,62.246286434974593,7.9100000000000003e-07
kahan,4,128,63.007237011864682,7.5000000000000002e-07
kahan,5,128,65.24348905248111,7.92e-07
kahan,6,128,65.560907929904985,7.9100000000000003e-07
kahan,7,128,65.294495519222224,7.5000000000000002e-07
kahan,8,128,64.249899742130239,7.5000000000000002e-07
kahan,9,128,65.161057192732514,7.92e-07
kahan,10,128,66.568774636136808,7.5000000000000002e-07
kahan,11,128,62.070279473522135,7.92e-07
kahan,12,128,61.689193990975866,7.5000000000000002e-07
kahan,13,128,63.188548089090851,7.92e-07
kahan,14,128,69.704393368439057,7.5000000000000002e-07
kahan,15,128,60.589696251227743,7.92e-07
kahan,16,128,59.62825174695778,7.92e-07
kahan,17,128,65.525915401084305,7.5000000000000002e-07
kahan,18,128,67.357960900088571,7.92e-07
kahan,19,128,60.048811421066489,7.92e-07
kahan,20,128,66.872221889175691,7.9100000000000003e-07
kahan,21,128,61.352030722927253,7.9100000000000003e-07
kahan,22,128,60.167476873893222,7.9100000000000003e-07
kahan,23,128,62.662053773939093,7.9100000000000003e-07
kahan,24,128,62.627768368822125,7.9100000000000003e-07
kahan,25,128,64.659479395748036,7.9100000000000003e-07
kahan,26,128,64.268548788110593,7.9100000000000003e-07
kahan,27,128,65.783081990496328,7.92e-07
kahan,28,128,59.996691612139045,7.92e-07
kahan,29,128,68.375408647852296,7.92e-07
kahan,30,128,65.165132415121462,8.3300000000000001e-07
kahan,31,128,60.10891090677525,7.9100000000000003e-07
kahan,32,128,66.094694747285828,7.9100000000000003e-07
kahan,33,128,63.1872309021105,7.0800000000000004e-07
kahan,34,128,63.047360860204954,7.9100000000000003e-07
kahan,35,128,64.088807589480211,7.5000000000000002e-07
kahan,36,128,64.496034994260242,7.92e-07
kahan,37,128,66.309491763474242,7.92e-07
kahan,38,128,64.527774490311543,7.92e-07
kahan,39,128,63.291935650442255,7.92e-07
kahan,40,128,60.619620065517687,7.5000000000000002e-07
kahan,41,128,64.639171182409868,7.92e-07
kahan,42,128,71.979441550321908,7.92e-07
kahan,43,128,65.185707457935663,7.5000000000000002e-07
kahan,44,128,66.253936734506894,7.9100000000000003e-07
kahan,45,128,66.840151096783444,7.9100000000000003e-07
kahan,46,128,60.503631358189452,7.9100000000000003e-07
kahan,47,128,67.152391502344685,7.9100000000000003e-07
kahan,48,128,66.00219700645313,7.9100000000000003e-07
kahan,49,128,62.326401050023158,7.5000000000000002e-07
kahan,50,128,59.087965644319652,7.5000000000000002e-07
kahan,51,128,61.091602789207165,7.5000000000000002e-07
kahan,52,128,60.062018974148678,7.92e-07
kahan,53,128,63.377865367811076,7.92e-07
kahan,54,128,63.567925756110625,7.92e-07
kahan,55,128,71.08512803641807,7.9100000000000003e-07
kahan,56,128,62.003669568948084,7.92e-07
kahan,57,128,70.129337461292309,7.92e-07
kahan,58,128,59.562647627815544,7.92e-07
kahan,59,128,59.007689320597549,7.92e-07
kahan,60,128,58.686035913033621,7.92e-07
kahan,61,128,74.05319159366698,7.92e-07
kahan,62,128,67.075170684156859,7.92e-07
kahan,63,128,62.896027117479385,7.92e-07
kahan,64,128,63.445172382227938,7.92e-07
kahan,65,128,65.424340698492401,7.92e-07
kahan,66,128,66.745915295989988,7.92e-07
kahan,67,128,65.665610690144348,7.92e-07
kahan,68,128,63.397140980668645,8.3300000000000001e-07
kahan,69,128,66.711765980278159,7.9100000000000003e-07
kahan,70,128,64.171469292643891,7.5000000000000002e-07
kahan,71,128,58.891070414221105,7.92e-07
kahan,72,128,68.547198660810238,7.5000000000000002e-07
kahan,73,128,60.18605962476186,7.5000000000000002e-07
kahan,74,128,56.748301741883552,7.5000000000000002e-07
kahan,75,128,63.855172930592616,7.5000000000000002e-07
kahan,76,128,60.897751422031156,8.3300000000000001e-07
kahan,77,128,69.272318515352481,7.9100000000000003e-07
kahan,78,128,65.235980202745807,7.9100000000000003e-07
kahan,79,128,64.318551374588452,7.9100000000000003e-07
kahan,80,128,61.128131747864714,8.3300000000000001e-07
kahan,81,128,65.43135927489763,7.92e-07
kahan,82,128,63.962366228630955,7.92e-07
kahan,83,128,62.65457807571201,7.92e-07
kahan,84,128,60.32598850606562,7.92e-07
kahan,85,128,63.168382035925532,7.92e-07
kahan,86,128,63.567272506331832,8.3399999999999998e-07
kahan,87,128,64.95523980687183,7.92e-07
kahan,88,128,64.313868417633628,7.0800000000000004e-07
kahan,89,128,65.953148215248817,7.9100000000000003e-07
kahan,90,128,68.33860078296668,8.3300000000000001e-07
kahan,91,128,62.025958260507707,7.92e-07
kahan,92,128,65.286189115737031,7.92e-07
kahan,93,128,66.105711568452051,7.92e-07
kahan,94,128,66.405084834701228,7.92e-07
kahan,95,128,65.260499109298792,7.92e-07
kahan,96,128,65.055128165082465,7.5000000000000002e-07
kahan,97,128,65.827616104849881,7.5000000000000002e-07
kahan,98,128,66.827672311918207,7.9100000000000003e-07
kahan,99,128,63.27973998678133,8.3300000000000001e-07
kahan,100,128,61.193029435225469,7.92e-07
kahan,101,128,63.285059996798552,7.92e-07
kahan,102,128,62.986503116370393,7.92e-07
kahan,103,128,61.666950895773958,7.92e-07
kahan,104,128,62.698266907792352,7.92e-07
kahan,105,128,58.262764776800417,7.92e-07
kahan,106,128,64.22879797209427,7.5000000000000002e-07
kahan,107,128,64.523058175066211,7.5000000000000002e-07
kahan,108,128,63.283272230985304,7.92e-07
kahan,109,128,65.081105466644743,7.92e-07
kahan,110,128,64.800950515086754,7.92e-07
kahan,111,128,60.045225926856318,7.92e-07
kahan,112,128,70.452535230272289,7.92e-07
kahan,113,128,62.68971434214118,7.92e-07
kahan,114,128,63.759235179214457,7.92e-07
kahan,115,128,60.281032517755648,7.9100000000000003e-07
kahan,116,128,66.586246408012443,7.5000000000000002e-07
kahan,117,128,68.48127150758377,7.5000000000000002e-07
kahan,118,128,62.945267432113475,7.5000000000000002e-07
kahan,119,128,64.077638698190583,7.92e-07
kahan,120,128,65.078893420361211,7.92e-07
kahan,121,128,61.156399821970965,7.5000000000000002e-07
kahan,122,128,65.748311277398301,7.92e-07
kahan,123,128,63.104774017990579,8.3300000000000001e-07
kahan,124,128,63.107407238797613,7.92e-07
kahan,125,128,68.149436945986551,7.5000000000000002e-07
kahan,126,128,63.184063353190396,7.5000000000000002e-07
kahan,127,128,67.597298775310932,7.92e-07
kahan,128,128,68.056054471406156,7.92e-07
kahan,129,128,68.223217018266155,7.9100000000000003e-07
kahan,130,128,60.790150829863144,7.9100000000000003e-07
kahan,131,128,64.234673526430413,8.3300000000000001e-07
kahan,132,128,65.70729823316033,7.92e-07
kahan,133,128,59.475741104526612,7.92e-07
kahan,134,128,62.925043029414013,7.92e-07
kahan,135,128,61.4405933951357,7.92e-07
kahan,136,128,63.56011149848927,7.92e-07
kahan,137,128,66.094298894346409,7.92e-07
kahan,138,128,65.931036620774805,7.92e-07
kahan,139,128,60.415136120595413,7.92e-07
kahan,140,128,59.248734575272664,7.92e-07
kahan,141,128,66.786532383292752,7.92e-07
kahan,142,128,60.873747814920925,7.92e-07
kahan,143,128,59.413849873236003,7.92e-07
kahan,144,128,67.488606816801536,7.5000000000000002e-07
kahan,145,128,62.741145814899248,7.5000000000000002e-07
kahan,146,128,64.196021825754102,7.5000000000000002e-07
kahan,147,128,68.66814497446822,7.5000000000000002e-07
kahan,148,128,66.005362951886298,7.5000000000000002e-07
kahan,149,128,63.460543881418623,7.5000000000000002e-07
kahan,150,128,64.874995922485894,7.9100000000000003e-07
kahan,151,128,66.29763884875544,7.5000000000000002e-07
kahan,152,128,65.874971906272464,7.5000000000000002e-07
kahan,153,128,60.302188721915563,7.5000000000000002e-07
kahan,154,128,61.50380704043863,7.5000000000000002e-07
kahan,155,128,69.948304249805602,7.92e-07
kahan,156,128,61.953572986811182,7.5000000000000002e-07
kahan,157,128,68.010639076149772,7.0800000000000004e-07
kahan,158,128,64.257464005668112,8.3399999999999998e-07
kahan,159,128,62.698919949162061,7.92e-07
kahan,160,128,67.791051061154647,7.92e-07
kahan,161,128,66.706340680505335,7.5000000000000002e-07
kahan,162,128,57.654089922898734,7.5000000000000002e-07
kahan,163,128,66.853027378314295,7.5000000000000002e-07
kahan,164,128,65.286737655457259,7.9100000000000003e-07
kahan,165,128,63.929136478942752,7.9100000000000003e-07
kahan,166,128,63.831380447629115,7.9100000000000003e-07
kahan,167,128,61.390925487501988,7.5000000000000002e-07
kahan,168,128,62.737251447090287,7.5000000000000002e-07
kahan,169,128,65.802177405874843,7.92e-07
kahan,170,128,60.617608768373771,7.92e-07
kahan,171,128,65.694213438887274,8.3399999999999998e-07
kahan,172,128,65.808300671322016,7.92e-07
kahan,173,128,63.691254099044784,7.92e-07
kahan,174,128,60.667930514372202,7.92e-07
kahan,175,128,67.505086938698639,7.92e-07
kahan,176,128,70.935276659694779,7.92e-07
kahan,177,128,65.595464325803007,7.5000000000000002e-07
kahan,178,128,66.714210269495595,7.5000000000000002e-07
kahan,179,128,61.116583146481538,7.5000000000000002e-07
kahan,180,128,69.236426375993247,7.92e-07
kahan,181,128,66.485189590276804,7.92e-07
kahan,182,128,65.483523427483235,7.5000000000000002e-07
kahan,183,128,66.854920362712093,7.9100000000000003e-07
kahan,184,128,64.540684894275046,7.9100000000000003e-07
kahan,185,128,70.750887340804439,7.9100000000000003e-07
kahan,186,128,59.52242255164218,7.9100000000000003e-07
kahan,187,128,67.157616123448292,7.9100000000000003e-07
kahan,188,128,69.190283448830954,7.9100000000000003e-07
kahan,189,128,68.235076483584876,8.3300000000000001e-07
kahan,190,128,67.622006344759683,7.92e-07
kahan,191,128,58.036397468087301,7.92e-07
kahan,192,128,56.39762061350492,7.5000000000000002e-07
kahan,193,128,62.604560364232334,7.5000000000000002e-07
kahan,194,128,65.259704682243694,7.92e-07
kahan,195,128,67.974441898910072,7.92e-07
kahan,196,128,65.721268697356635,7.5000000000000002e-07
kahan,197,128,55.98993930083514,7.5000000000000002e-07
kahan,198,128,59.463683592375062,7.5000000000000002e-07
kahan,199,128,68.690959155444006,7.9100000000000003e-07
kahan,200,128,64.985278123360985,7.9100000000000003e-07
kahan,201,128,60.039839379263597,7.9100000000000003e-07
kahan,202,128,58.896390083389036,7.9100000000000003e-07
kahan,203,128,65.421458195747491,7.9100000000000003e-07
kahan,204,128,64.615660335501488,8.3300000000000001e-07
kahan,205,128,64.859080495955084,7.92e-07
kahan,206,128,61.187151577890347,7.92e-07
kahan,207,128,63.040924147506772,8.3399999999999998e-07
kahan,208,128,65.517917600601578,7.92e-07
kahan,209,128,63.968104134005159,7.92e-07
kahan,210,128,67.959835657569272,7.92e-07
kahan,211,128,64.267752856460689,7.92e-07
kahan,212,128,64.732892574036129,7.9100000000000003e-07
kahan,213,128,66.255173836148543,7.9100000000000003e-07
kahan,214,128,61.469121075619526,7.9100000000000003e-07
kahan,215,128,64.613826685541326,7.9100000000000003e-07
kahan,216,128,69.407456640051024,7.9100000000000003e-07
kahan,217,128,57.194251197327631,7.9100000000000003e-07
kahan,218,128,63.125210340579216,8.3300000000000001e-07
kahan,219,128,63.92563619906494,7.92e-07
kahan,220,128,62.416437848157734,8.3399999999999998e-07
kahan,221,128,62.816735706295241,7.92e-07
kahan,222,128,61.602124989271488,7.92e-07
kahan,223,128,63.079795589357957,7.92e-07
kahan,224,128,60.756498073601222,7.92e-07
kahan,225,128,59.876098102658325,7.5000000000000002e-07
kahan,226,128,62.138675831552924,7.9100000000000003e-07
kahan,227,128,66.487868839961664,7.5000000000000002e-07
kahan,228,128,55.394723816299013,7.5000000000000002e-07
kahan,229,128,66.265820894277283,7.92e-07
kahan,230,128,63.685070903155555,7.92e-07
kahan,231,128,70.925799477962727,7.92e-07
kahan,232,128,62.392396588638228,7.92e-07
kahan,233,128,61.952858915417089,7.92e-07
kahan,234,128,57.635529587789513,7.92e-07
kahan,235,128,67.435656678771394,7.92e-07
kahan,236,128,54.676633778311263,7.92e-07
kahan,237,128,65.641077565320714,7.92e-07
kahan,238,128,63.751475311112351,7.92e-07
kahan,239,128,66.873544586011462,7.92e-07
kahan,240,128,67.028691728722578,7.9100000000000003e-07
kahan,241,128,64.309626093487523,7.9100000000000003e-07
kahan,242,128,65.730236503349019,7.9100000000000003e-07
kahan,243,128,69.308775467786987,7.9100000000000003e-07
kahan,244,128,63.588986013888011,7.5000000000000002e-07
kahan,245,128,66.421310185608675,7.92e-07
kahan,246,128,63.778700269998531,7.5000000000000002e-07
kahan,247,128,63.529193167857692,7.5000000000000002e-07
kahan,248,128,64.527609573716816,7.5000000000000002e-07
kahan,249,128,59.961324906463197,7.5000000000000002e-07
kahan,250,128,66.697245159117969,7.5000000000000002e-07
kahan,251,128,60.624981349872833,7.5000000000000002e-07
kahan,252,128,61.407005810972727,7.5000000000000002e-07
kahan,253,128,53.12936209777093,7.92e-07
kahan,254,128,60.63161777309579,7.92e-07
kahan,255,128,63.199476848995552,7.92e-07
kahan,256,128,65.827598203261047,7.92e-07
kahan,257,128,65.208659726516345,7.92e-07
kahan,258,128,62.881023094510361,7.92e-07
kahan,259,128,63.168167743071862,8.3300000000000001e-07
kahan,260,128,64.064457044074572,7.9100000000000003e-07
kahan,261,128,62.755289704756414,7.9100000000000003e-07
kahan,262,128,64.060267250983301,7.9100000000000003e-07
kahan,263,128,64.552846315846423,7.9100000000000003e-07
kahan,264,128,58.872084544685038,7.9100000000000003e-07
kahan,265,128,63.140611603830273,8.3300000000000001e-07
kahan,266,128,63.985622924573519,7.92e-07
kahan,267,128,60.62059083145283,7.92e-07
kahan,268,128,68.823362438729674,7.92e-07
kahan,269,128,63.850865851061272,7.5000000000000002e-07
kahan,270,128,58.070016497074242,7.5000000000000002e-07
kahan,271,128,56.504693430970747,7.9100000000000003e-07
kahan,272,128,70.179548730533696,7.9100000000000003e-07
kahan,273,128,71.347357937733079,7.9100000000000003e-07
kahan,274,128,65.926741816067718,7.9100000000000003e-07
kahan,275,128,69.398923618561739,7.9100000000000003e-07
kahan,276,128,65.693563332093845,7.92e-07
kahan,277,128,61.07509187172522,7.92e-07
kahan,278,128,67.220972704395223,7.92e-07
kahan,279,128,66.198942463768262,7.92e-07
kahan,280,128,61.252535524301685,7.92e-07
kahan,281,128,67.482280501171914,7.92e-07
kahan,282,128,62.062044068468609,7.5000000000000002e-07
kahan,283,128,67.649846553957573,7.5000000000000002e-07
kahan,284,128,65.68492579937184,7.92e-07
kahan,285,128,67.464875984164223,7.5000000000000002e-07
kahan,286,128,66.280656016243242,7.92e-07
kahan,287,128,63.686443469047084,7.5000000000000002e-07
kahan,288,128,60.523637057468989,7.9100000000000003e-07
kahan,289,128,64.907810563606205,7.9100000000000003e-07
kahan,290,128,67.737192734481681,7.5000000000000002e-07
kahan,291,128,69.377850563874929,7.5000000000000002e-07
kahan,292,128,63.238712367001852,7.92e-07
kahan,293,128,63.368312559000898,7.92e-07
kahan,294,128,63.04875475483189,7.92e-07
kahan,295,128,61.173313803803964,7.5000000000000002e-07
kahan,296,128,62.742415679749769,7.5000000000000002e-07
kahan,297,128,61.269670245731888,7.5000000000000002e-07
kahan,298,128,64.770990582934004,7.5000000000000002e-07
kahan,299,128,69.935992169931694,7.5000000000000002e-07
kahan,300,128,64.114165936953583,7.5000000000000002e-07
kahan,301,128,63.077967393584757,7.92e-07
kahan,302,128,63.645337475738245,7.92e-07
kahan,303,128,61.924682314485835,7.92e-07
kahan,304,128,64.067412892414936,8.3300000000000001e-07
kahan,305,128,69.349955188586748,7.9100000000000003e-07
kahan,306,128,63.11794882843521,7.92e-07
kahan,307,128,62.29131921547755,7.92e-07
kahan,308,128,58.947779102480354,7.92e-07
kahan,309,128,57.936792756095997,8.3300000000000001e-07
kahan,310,128,61.88472178054149,7.9100000000000003e-07
kahan,311,128,63.318033553973308,7.9100000000000003e-07
kahan,312,128,64.60106940287362,7.9100000000000003e-07
kahan,313,128,63.720259053357999,7.9100000000000003e-07
kahan,314,128,63.80896433258394,7.9100000000000003e-07
kahan,315,128,65.11619372229417,7.9100000000000003e-07
kahan,316,128,67.18772132361164,7.9100000000000003e-07
kahan,317,128,62.055219634819103,7.9100000000000003e-07
kahan,318,128,62.600902881519076,7.9100000000000003e-07
kahan,319,128,64.096290056179996,7.9100000000000003e-07
kahan,320,128,66.051669108302733,7.5000000000000002e-07
kahan,321,128,65.273711678312537,7.5000000000000002e-07
kahan,322,128,64.174070758200827,7.5000000000000002e-07
kahan,323,128,64.037929116118647,7.5000000000000002e-07
kahan,324,128,60.951167604938952,7.92e-07
kahan,325,128,65.649988080634259,7.92e-07
kahan,326,128,62.098187876217921,7.92e-07
kahan,327,128,62.804110364592717,7.5000000000000002e-07
kahan,328,128,63.027446728305691,7.5000000000000002e-07
kahan,329,128,63.18447939505112,7.92e-07
kahan,330,128,63.577174663245259,7.5000000000000002e-07
kahan,331,128,66.437493909974108,7.5000000000000002e-07
kahan,332,128,68.393818172137912,7.5000000000000002e-07
kahan,333,128,65.130894209169369,7.5000000000000002e-07
kahan,334,128,69.74282313560559,7.5000000000000002e-07
kahan,335,128,57.495169113314837,7.5000000000000002e-07
kahan,336,128,64.188689972810209,7.5000000000000002e-07
kahan,337,128,62.778805839486807,7.5000000000000002e-07
kahan,338,128,59.154296542677585,7.5000000000000002e-07
kahan,339,128,64.584857450652649,7.5000000000000002e-07
kahan,340,128,68.04989956188021,7.9100000000000003e-07
kahan,341,128,58.647228484005339,7.5000000000000002e-07
kahan,342,128,59.297308552783349,7.5000000000000002e-07
kahan,343,128,61.065270095032211,7.5000000000000002e-07
kahan,344,128,67.068343567638138,7.5000000000000002e-07
kahan,345,128,65.410599870848515,7.5000000000000002e-07
kahan,346,128,62.542728044601333,7.92e-07
kahan,347,128,65.469479997573046,7.5000000000000002e-07
kahan,348,128,61.506240550187663,7.5000000000000002e-07
kahan,349,128,69.685494997839157,7.9100000000000003e-07
kahan,350,128,64.278136977471405,7.9100000000000003e-07
kahan,351,128,60.238631027694318,7.9100000000000003e-07
kahan,352,128,67.620190330555715,7.9100000000000003e-07
kahan,353,128,62.986661721963877,7.9100000000000003e-07
kahan,354,128,66.723569290749211,7.9100000000000003e-07
kahan,355,128,69.219798728132446,8.3300000000000001e-07
kahan,356,128,62.573019727036758,7.92e-07
kahan,357,128,59.345709212650128,7.92e-07
kahan,358,128,65.664819832212942,7.92e-07
kahan,359,128,56.946039925162644,7.92e-07
kahan,360,128,69.369720618632485,7.92e-07
kahan,361,128,69.672732074275814,7.92e-07
kahan,362,128,60.459047348091701,7.92e-07
kahan,363,128,63.980397909844996,7.92e-07
kahan,364,128,60.704412706016363,7.9100000000000003e-07
kahan,365,128,65.160258652973752,7.9100000000000003e-07
kahan,366,128,65.370209894574799,7.9100000000000003e-07
kahan,367,128,62.081793108958458,7.9100000000000003e-07
kahan,368,128,66.076830574972064,7.92e-07
kahan,369,128,68.514969306721127,7.92e-07
kahan,370,128,63.453589847345235,7.92e-07
kahan,371,128,66.879432850032615,7.5000000000000002e-07
kahan,372,128,67.772012679903568,7.9100000000000003e-07
kahan,373,128,63.044253319992556,7.9100000000000003e-07
kahan,374,128,64.806788939124061,7.9100000000000003e-07
kahan,375,128,67.935549771057538,7.9100000000000003e-07
kahan,376,128,65.669049138712765,7.9100000000000003e-07
kahan,377,128,66.699340358807035,7.9100000000000003e-07
kahan,378,128,69.72944635504372,8.3300000000000001e-07
kahan,379,128,62.983379384285215,7.92e-07
kahan,380,128,65.608273003504181,7.92e-07
kahan,381,128,63.838608974870709,7.92e-07
kahan,382,128,62.287767036454611,7.92e-07
kahan,383,128,63.461565380584119,7.92e-07
kahan,384,128,63.02726397932318,8.3399999999999998e-07
kahan,385,128,67.81985880830787,7.5000000000000002e-07
kahan,386,128,62.772055437377794,7.5000000000000002e-07
kahan,387,128,63.34214097347121,7.5000000000000002e-07
kahan,388,128,62.968218054517799,7.92e-07
kahan,389,128,56.608120686799339,7.92e-07
kahan,390,128,64.176075886729237,7.92e-07
kahan,391,128,60.752612333114655,7.92e-07
kahan,392,128,69.082486018025548,7.92e-07
kahan,393,128,69.265463228102078,7.92e-07
kahan,394,128,62.795085204746677,7.92e-07
kahan,395,128,67.490327213013387,7.92e-07
kahan,396,128,71.696415744579326,7.92e-07
kahan,397,128,59.422476422669824,7.5000000000000002e-07
kahan,398,128,65.054831043128317,7.0800000000000004e-07
kahan,399,128,64.903268158809212,7.5000000000000002e-07
kahan,400,128,64.687653407494622,7.5000000000000002e-07
kahan,401,128,59.608399210631276,7.5000000000000002e-07
kahan,402,128,66.45019388478562,8.3300000000000001e-07
kahan,403,128,63.269664690303657,7.9100000000000003e-07
kahan,404,128,63.63227080422368,7.92e-07
kahan,405,128,65.702922057084479,7.92e-07
kahan,406,128,69.697289726413075,7.92e-07
kahan,407,128,68.50266242425586,7.92e-07
kahan,408,128,62.662091262974691,8.3300000000000001e-07
kahan,409,128,60.406616269987595,7.9100000000000003e-07
kahan,410,128,62.797959854937126,7.9100000000000003e-07
kahan,411,128,62.093893418572392,7.9100000000000003e-07
kahan,412,128,59.391134523933445,7.5000000000000002e-07
kahan,413,128,64.308527419638494,7.92e-07
kahan,414,128,62.803599654411542,7.92e-07
kahan,415,128,59.111758676611394,7.92e-07
kahan,416,128,64.710846187179101,7.5000000000000002e-07
kahan,417,128,63.023972985546557,7.5000000000000002e-07
kahan,418,128,64.299774173653205,7.5000000000000002e-07
kahan,419,128,68.24258342277983,7.5000000000000002e-07
kahan,420,128,64.09475045449156,7.5000000000000002e-07
kahan,421,128,65.110924157730153,7.5000000000000002e-07
kahan,422,128,68.021953358319678,7.92e-07
kahan,423,128,58.617419258455989,7.92e-07
kahan,424,128,70.214671183087859,7.9100000000000003e-07
kahan,425,128,67.51078569810268,7.9100000000000003e-07
kahan,426,128,64.489730815440083,7.5000000000000002e-07
kahan,427,128,59.428183094276427,7.5000000000000002e-07
kahan,428,128,63.273063720692519,7.92e-07
kahan,429,128,59.681110923533666,7.5000000000000002e-07
kahan,430,128,60.789681940213903,7.5000000000000002e-07
kahan,431,128,66.122818549687793,7.5000000000000002e-07
kahan,432,128,62.19743145612771,7.5000000000000002e-07
kahan,433,128,69.925342825131565,7.5000000000000002e-07
kahan,434,128,68.230281380374549,7.5000000000000002e-07
kahan,435,128,66.613231912028439,7.92e-07
kahan,436,128,60.57903743733857,7.5000000000000002e-07
kahan,437,128,69.457029239490268,7.5000000000000002e-07
kahan,438,128,63.837860178384872,7.5000000000000002e-07
kahan,439,128,60.468888213636696,7.5000000000000002e-07
kahan,440,128,66.360207158296816,7.5000000000000002e-07
kahan,441,128,64.089331018751921,7.5000000000000002e-07
kahan,442,128,64.675935496505033,7.5000000000000002e-07
kahan,443,128,65.980385582622475,7.5000000000000002e-07
kahan,444,128,64.347400544824225,7.5000000000000002e-07
kahan,445,128,62.047541422810504,7.5000000000000002e-07
kahan,446,128,59.642308680247666,7.9100000000000003e-07
kahan,447,128,60.455914348985161,7.9100000000000003e-07
kahan,448,128,69.796691950788613,7.9100000000000003e-07
kahan,449,128,65.241502318616298,7.5000000000000002e-07
kahan,450,128,65.351144170292542,8.3399999999999998e-07
kahan,451,128,62.017792504931087,7.5000000000000002e-07
kahan,452,128,66.022409967780888,7.5000000000000002e-07
kahan,453,128,64.744622442652542,7.5000000000000002e-07
kahan,454,128,64.673020488665358,7.5000000000000002e-07
kahan,455,128,58.421911611394911,7.5000000000000002e-07
kahan,456,128,62.160952483807677,8.3300000000000001e-07
kahan,457,128,64.344502814571371,7.92e-07
kahan,458,128,62.460400796688823,7.92e-07
kahan,459,128,62.783792163728229,7.92e-07
kahan,460,128,69.061165006870596,7.92e-07
kahan,461,128,62.355443193764977,7.92e-07
kahan,462,128,60.446420325649697,7.92e-07
kahan,463,128,68.009263691690421,7.92e-07
kahan,464,128,53.983438671015918,7.92e-07
kahan,465,128,65.634187535011051,7.92e-07
kahan,466,128,63.908108224730739,7.5000000000000002e-07
kahan,467,128,67.955334746023894,8.3300000000000001e-07
kahan,468,128,66.900710259862592,7.9100000000000003e-07
kahan,469,128,66.787104219955523,8.3300000000000001e-07
kahan,470,128,58.71733476529181,7.92e-07
kahan,471,128,67.284767435465568,7.5000000000000002e-07
kahan,472,128,63.325271273846532,7.5000000000000002e-07
kahan,473,128,66.533024139006386,7.5000000000000002e-07
kahan,474,128,63.207205376171899,7.5000000000000002e-07
kahan,475,128,61.342147631179294,7.5000000000000002e-07
kahan,476,128,62.586907352610268,7.5000000000000002e-07
kahan,477,128,69.556614689640938,7.92e-07
kahan,478,128,60.026142728272376,7.92e-07
kahan,479,128,60.78234077070401,7.92e-07
kahan,480,128,63.30462476979524,7.92e-07
kahan,481,128,63.840373941296789,7.92e-07
kahan,482,128,62.963228473766293,7.92e-07
kahan,483,128,68.578248786293486,7.92e-07
kahan,484,128,61.57235029757679,7.9100000000000003e-07
kahan,485,128,63.65572443924183,7.5000000000000002e-07
kahan,486,128,64.064437123990857,7.5000000000000002e-07
kahan,487,128,66.861124382287869,7.5000000000000002e-07
kahan,488,128,68.467615324997425,7.92e-07
kahan,489,128,70.222255993155883,7.92e-07
kahan,490,128,64.589239768548168,7.92e-07
kahan,491,128,64.5348222953955,7.92e-07
kahan,492,128,69.139525138177717,7.5000000000000002e-07
kahan,493,128,60.946538396406162,7.5000000000000002e-07
kahan,494,128,63.082832433188152,7.5000000000000002e-07
kahan,495,128,64.399250387410618,7.5000000000000002e-07
kahan,496,128,65.317408583961367,7.5000000000000002e-07
kahan,497,128,66.760690682777707,7.92e-07
kahan,498,128,60.137109356336225,7.92e-07
kahan,499,128,69.400211057051393,7.92e-07
kahan,500,128,61.051044855121177,7.5000000000000002e-07
kahan,501,128,65.194965390160917,7.5000000000000002e-07
kahan,502,128,61.063017761279802,7.5000000000000002e-07
kahan,503,128,70.208603513669232,7.9100000000000003e-07
kahan,504,128,63.617062556313357,7.9100000000000003e-07
kahan,505,128,62.161211697418054,7.9100000000000003e-07
kahan,506,128,62.269978495858709,7.9100000000000003e-07
kahan,507,128,61.333090416881035,7.9100000000000003e-07
kahan,508,128,72.753526868675635,8.3300000000000001e-07
kahan,509,128,63.77794085077111,7.92e-07
kahan,510,128,63.089517633433196,7.92e-07
kahan,511,128,64.612916392786119,8.3399999999999998e-07
kahan,512,128,67.871327975524224,7.92e-07
kahan,513,128,63.638236468798823,7.92e-07
kahan,514,128,63.357053814776066,8.3300000000000001e-07
kahan,515,128,68.257451632636929,7.92e-07
kahan,516,128,55.94374110225877,8.3399999999999998e-07
kahan,517,128,62.442888406928951,7.92e-07
kahan,518,128,63.804588583077226,7.92e-07
kahan,519,128,63.680510149520359,7.92e-07
kahan,520,128,63.880577491896645,8.3300000000000001e-07
kahan,521,128,67.645992186890382,7.9100000000000003e-07
kahan,522,128,67.597872293546118,7.9100000000000003e-07
kahan,523,128,64.364006076411727,7.9100000000000003e-07
kahan,524,128,66.845669248495156,7.9100000000000003e-07
kahan,525,128,64.836351072664698,7.9100000000000003e-07
kahan,526,128,63.93903732204538,7.9100000000000003e-07
kahan,527,128,60.570028531832577,7.5000000000000002e-07
kahan,528,128,68.410645921877673,7.5000000000000002e-07
kahan,529,128,60.989704426777443,7.5000000000000002e-07
kahan,530,128,60.643180306863549,7.92e-07
kahan,531,128,65.976427172597795,7.92e-07
kahan,532,128,64.212129167695409,7.92e-07
kahan,533,128,66.489394533179123,8.3300000000000001e-07
kahan,534,128,58.910370624427046,7.9100000000000003e-07
kahan,535,128,66.447070965483221,7.9100000000000003e-07
kahan,536,128,62.418736567160053,8.3300000000000001e-07
kahan,537,128,65.970093764616806,7.92e-07
kahan,538,128,67.671062513822463,7.92e-07
kahan,539,128,64.199821938453098,8.3399999999999998e-07
kahan,540,128,69.465394538407836,7.92e-07
kahan,541,128,63.010486961695406,7.92e-07
kahan,542,128,58.041312924024346,7.92e-07
kahan,543,128,61.898699728066106,7.92e-07
kahan,544,128,63.400595063756235,8.3300000000000001e-07
kahan,545,128,70.839217092252056,7.9100000000000003e-07
kahan,546,128,60.930070803742083,7.9100000000000003e-07
kahan,547,128,65.242186753481349,7.9100000000000003e-07
kahan,548,128,60.562108857773055,7.9100000000000003e-07
kahan,549,128,62.839725916886259,7.9100000000000003e-07
kahan,550,128,61.654780158125547,7.9100000000000003e-07
kahan,551,128,64.044654258861115,7.9100000000000003e-07
kahan,552,128,64.834458410905526,8.3300000000000001e-07
kahan,553,128,60.481137907431183,7.92e-07
kahan,554,128,60.739182990396401,7.92e-07
kahan,555,128,64.981080653319111,7.92e-07
kahan,556,128,66.218369504570859,7.5000000000000002e-07
kahan,557,128,67.92861008627537,7.5000000000000002e-07
kahan,558,128,62.78426667074978,7.5000000000000002e-07
kahan,559,128,65.795696002920209,7.5000000000000002e-07
kahan,560,128,68.227570047319574,7.5000000000000002e-07
kahan,561,128,63.094787713118414,7.92e-07
kahan,562,128,65.550801098927067,7.5000000000000002e-07
kahan,563,128,64.569882661777783,7.5000000000000002e-07
kahan,564,128,64.863508278795095,7.9100000000000003e-07
kahan,565,128,61.807226086879574,7.5000000000000002e-07
kahan,566,128,62.568387496408874,7.5000000000000002e-07
kahan,567,128,66.158973371664345,7.9100000000000003e-07
kahan,568,128,66.206949519622484,7.5000000000000002e-07
kahan,569,128,63.479223440131754,7.5000000000000002e-07
kahan,570,128,67.082180057392989,7.5000000000000002e-07
kahan,571,128,64.857302324214473,7.9100000000000003e-07
kahan,572,128,66.277166931520426,7.9100000000000003e-07
kahan,573,128,63.501743189252849,7.9100000000000003e-07
kahan,574,128,67.252487319352369,7.9100000000000003e-07
kahan,575,128,61.219792672274636,8.3300000000000001e-07
kahan,576,128,63.64761592766483,7.92e-07
kahan,577,128,59.776081158711158,7.92e-07
kahan,578,128,57.989782112665068,7.92e-07
kahan,579,128,62.165894282258648,7.92e-07
kahan,580,128,64.672066822179971,7.92e-07
kahan,581,128,61.913765696735204,7.92e-07
kahan,582,128,61.279535527227431,7.92e-07
kahan,583,128,63.256402622539852,7.92e-07
kahan,584,128,65.431440490167518,8.3399999999999998e-07
kahan,585,128,55.74601292681659,7.92e-07
kahan,586,128,66.186667642232621,7.92e-07
kahan,587,128,67.415229170755197,7.92e-07
kahan,588,128,56.466841872217373,7.92e-07
kahan,589,128,63.591154659443255,7.92e-07
kahan,590,128,62.057370854810486,7.92e-07
kahan,591,128,66.18317612026803,7.92e-07
kahan,592,128,62.095661381496811,7.92e-07
kahan,593,128,62.055695321904203,7.92e-07
kahan,594,128,62.527064547561388,7.92e-07
kahan,595,128,73.454915854329201,7.92e-07
kahan,596,128,66.204543134950143,7.9100000000000003e-07
kahan,597,128,63.223729750920938,7.9100000000000003e-07
kahan,598,128,73.346576755869535,7.9100000000000003e-07
kahan,599,128,67.491762638059299,7.9100000000000003e-07
kahan,600,128,59.56825646434654,7.9100000000000003e-07
kahan,601,128,67.94572106979949,7.9100000000000003e-07
kahan,602,128,63.519366413939863,7.9100000000000003e-07
kahan,603,128,57.836182585218843,7.9100000000000003e-07
kahan,604,128,55.495728036920866,7.5000000000000002e-07
kahan,605,128,65.976287109243543,7.5000000000000002e-07
kahan,606,128,63.959742508904171,7.92e-07
kahan,607,128,63.408623799193329,7.92e-07
kahan,608,128,59.73194401842958,7.92e-07
kahan,609,128,60.50687517633235,7.92e-07
kahan,610,128,63.325021973621411,7.92e-07
kahan,611,128,61.33172580102584,7.92e-07
kahan,612,128,69.780875762437987,7.92e-07
kahan,613,128,63.719892983544582,7.92e-07
kahan,614,128,62.962554060264445,7.9100000000000003e-07
kahan,615,128,66.385629438658484,7.9100000000000003e-07
kahan,616,128,66.450214952541998,7.5000000000000002e-07
kahan,617,128,61.520038574665676,7.5000000000000002e-07
kahan,618,128,62.545641012028049,7.5000000000000002e-07
kahan,619,128,62.326631382997022,7.5000000000000002e-07
kahan,620,128,67.389649837186923,7.5000000000000002e-07
kahan,621,128,68.121520867013942,7.92e-07
kahan,622,128,64.608908911254844,7.5000000000000002e-07
kahan,623,128,66.535634068102851,7.92e-07
kahan,624,128,64.111759932289985,7.5000000000000002e-07
kahan,625,128,62.40224254398759,7.5000000000000002e-07
kahan,626,128,66.08335767953362,7.5000000000000002e-07
kahan,627,128,65.237627316995969,7.5000000000000002e-07
kahan,628,128,69.210554996129716,7.5000000000000002e-07
kahan,629,128,62.472030154241239,7.5000000000000002e-07
kahan,630,128,64.299927555548322,7.92e-07
kahan,631,128,64.890358899036784,7.5000000000000002e-07
kahan,632,128,59.195879949650433,7.9100000000000003e-07
kahan,633,128,62.31761719572242,7.9100000000000003e-07
kahan,634,128,62.693142068710202,7.9100000000000003e-07
kahan,635,128,62.830769563530048,7.9100000000000003e-07
kahan,636,128,61.093635503623773,7.92e-07
kahan,637,128,67.2202217607053,7.92e-07
kahan,638,128,58.052342262208391,7.92e-07
kahan,639,128,58.74247846734896,7.92e-07
kahan,640,128,64.475738881265698,7.92e-07
kahan,641,128,63.561120631088215,7.92e-07
kahan,642,128,65.151401157012856,7.92e-07
kahan,643,128,60.002251847496638,7.92e-07
kahan,644,128,65.410497484762857,7.92e-07
kahan,645,128,64.039209171006121,7.92e-07
kahan,646,128,70.411863098600875,7.5000000000000002e-07
kahan,647,128,62.33704623579051,7.5000000000000002e-07
kahan,648,128,66.581324094250419,7.5000000000000002e-07
kahan,649,128,62.175255099123618,7.92e-07
kahan,650,128,62.54697721507948,7.5000000000000002e-07
kahan,651,128,61.344463744852497,7.9100000000000003e-07
kahan,652,128,66.103304271690902,7.9100000000000003e-07
kahan,653,128,66.064522759082521,7.92e-07
kahan,654,128,65.375830509873623,7.92e-07
kahan,655,128,63.826491658798936,7.92e-07
kahan,656,128,67.435155492926057,7.92e-07
kahan,657,128,67.5743201547577,7.5000000000000002e-07
kahan,658,128,62.520537718642849,7.9100000000000003e-07
kahan,659,128,62.973193290287007,7.5000000000000002e-07
kahan,660,128,66.244671533048503,7.92e-07
kahan,661,128,63.284328101905523,8.3399999999999998e-07
kahan,662,128,64.993778184701497,7.92e-07
kahan,663,128,64.771069041387435,7.92e-07
kahan,664,128,61.610449239444357,7.92e-07
kahan,665,128,67.921196749824873,7.92e-07
kahan,666,128,61.035077352350456,7.92e-07
kahan,667,128,60.220993899742354,7.92e-07
kahan,668,128,68.581236248716735,7.92e-07
kahan,669,128,63.726861339492913,7.5000000000000002e-07
kahan,670,128,64.295625436879504,7.5000000000000002e-07
kahan,671,128,60.56425112078589,7.5000000000000002e-07
kahan,672,128,62.887693408305708,7.5000000000000002e-07
kahan,673,128,61.532605244853116,7.5000000000000002e-07
kahan,674,128,66.145553796475951,7.5000000000000002e-07
kahan,675,128,66.905980224958554,7.5000000000000002e-07
kahan,676,128,66.009830865435262,7.9100000000000003e-07
kahan,677,128,66.904594433007773,7.5000000000000002e-07
kahan,678,128,66.689817109790084,7.5000000000000002e-07
kahan,679,128,57.307009351208052,7.5000000000000002e-07
kahan,680,128,63.54513508894555,7.5000000000000002e-07
kahan,681,128,65.342541324807826,7.5000000000000002e-07
kahan,682,128,66.830553057656729,7.5000000000000002e-07
kahan,683,128,60.207828673811619,7.5000000000000002e-07
kahan,684,128,60.365693296760952,7.5000000000000002e-07
kahan,685,128,65.191364234641981,7.5000000000000002e-07
kahan,686,128,63.719709030351176,7.5000000000000002e-07
kahan,687,128,63.239680044703093,7.92e-07
kahan,688,128,59.091995538593828,7.92e-07
kahan,689,128,70.44943678418565,7.92e-07
kahan,690,128,64.412966125168268,8.3399999999999998e-07
kahan,691,128,64.699278338360017,7.92e-07
kahan,692,128,60.637727474077927,7.5000000000000002e-07
kahan,693,128,62.616240894614322,7.5000000000000002e-07
kahan,694,128,64.87863069658988,7.5000000000000002e-07
kahan,695,128,61.898538655584332,7.5000000000000002e-07
kahan,696,128,66.989606281104543,7.5000000000000002e-07
kahan,697,128,64.165175506208485,7.5000000000000002e-07
kahan,698,128,61.387119235311182,7.9100000000000003e-07
kahan,699,128,67.321194817797519,7.5000000000000002e-07
kahan,700,128,64.382060531533071,7.5000000000000002e-07
kahan,701,128,60.844743588542258,7.5000000000000002e-07
kahan,702,128,60.448056818847569,7.92e-07
kahan,703,128,63.056986732534462,7.92e-07
kahan,704,128,65.122749318115311,7.92e-07
kahan,705,128,64.983059665725278,7.92e-07
kahan,706,128,67.8294870781817,7.92e-07
kahan,707,128,67.543584982297617,7.92e-07
kahan,708,128,67.567017746345044,7.5000000000000002e-07
kahan,709,128,66.551735529304537,7.5000000000000002e-07
kahan,710,128,63.658505768157383,7.5000000000000002e-07
kahan,711,128,62.558446277737126,7.5000000000000002e-07
kahan,712,128,60.910873570007645,7.5000000000000002e-07
kahan,713,128,63.837649678167935,7.5000000000000002e-07
kahan,714,128,63.929437664392893,7.5000000000000002e-07
kahan,715,128,56.742651467837483,7.92e-07
kahan,716,128,64.119149076948588,7.92e-07
kahan,717,128,63.148676944351081,7.92e-07
kahan,718,128,67.899125029523816,7.92e-07
kahan,719,128,59.2316611701429,7.92e-07
kahan,720,128,66.598570363117844,7.92e-07
kahan,721,128,63.829659075530209,7.5000000000000002e-07
kahan,722,128,66.46583241149537,7.5000000000000002e-07
kahan,723,128,62.45633454400577,7.9100000000000003e-07
kahan,724,128,58.319185948719003,7.5000000000000002e-07
kahan,725,128,65.62487510131642,7.92e-07
kahan,726,128,64.80619823974061,7.92e-07
kahan,727,128,63.182673396237433,7.92e-07
kahan,728,128,63.423251956887455,7.92e-07
kahan,729,128,65.37278030069146,7.92e-07
kahan,730,128,65.467648669346147,8.3399999999999998e-07
kahan,731,128,63.4856351725916,7.92e-07
kahan,732,128,64.856335055337681,7.92e-07
kahan,733,128,62.080411992274101,7.5000000000000002e-07
kahan,734,128,74.021531753918808,7.92e-07
kahan,735,128,62.844076253398846,7.92e-07
kahan,736,128,64.890192971075152,7.92e-07
kahan,737,128,60.641512984478688,7.5000000000000002e-07
kahan,738,128,63.244126718869225,7.5000000000000002e-07
kahan,739,128,61.870300160119534,7.9100000000000003e-07
kahan,740,128,64.393680041471384,7.5000000000000002e-07
kahan,741,128,57.664711623554062,7.5000000000000002e-07
kahan,742,128,68.289252962365296,7.9100000000000003e-07
kahan,743,128,65.653478585577403,8.3300000000000001e-07
kahan,744,128,63.942081135257197,7.92e-07
kahan,745,128,67.643879763906014,7.92e-07
kahan,746,128,64.736731925098979,7.92e-07
kahan,747,128,62.868837243425439,7.92e-07
kahan,748,128,66.42798628404276,7.92e-07
kahan,749,128,60.452656567766546,7.92e-07
kahan,750,128,63.899915231605412,7.92e-07
kahan,751,128,66.130763217245118,7.92e-07
kahan,752,128,55.995166060356759,7.92e-07
kahan,753,128,61.729802305718486,7.92e-07
kahan,754,128,64.326017998286545,7.92e-07
kahan,755,128,66.888203115571102,7.92e-07
kahan,756,128,65.418362211090951,7.92e-07
kahan,757,128,67.641774782586126,7.92e-07
kahan,758,128,62.155482907796838,7.92e-07
kahan,759,128,64.300323264706648,7.5000000000000002e-07
kahan,760,128,64.154009456790689,7.92e-07
kahan,761,128,61.232034816255428,7.92e-07
kahan,762,128,69.081758923010355,8.3300000000000001e-07
kahan,763,128,59.789356732919003,7.9100000000000003e-07
kahan,764,128,67.307388683952382,7.9100000000000003e-07
kahan,765,128,66.379529829656136,8.3300000000000001e-07
kahan,766,128,66.654730666846703,7.92e-07
kahan,767,128,63.171516018622967,7.92e-07
kahan,768,128,69.113841174655107,7.5000000000000002e-07
kahan,769,128,66.80332236721766,7.5000000000000002e-07
kahan,770,128,63.010265559916803,7.5000000000000002e-07
kahan,771,128,68.295427661228445,7.5000000000000002e-07
kahan,772,128,64.416870723325673,7.9100000000000003e-07
kahan,773,128,66.421634708479814,7.9100000000000003e-07
kahan,774,128,64.167520302343064,7.9100000000000003e-07
kahan,775,128,66.862513713452614,8.3300000000000001e-07
kahan,776,128,66.11577473514204,7.5000000000000002e-07
kahan,777,128,62.108745832522104,7.5000000000000002e-07
kahan,778,128,64.406805249092102,7.5000000000000002e-07
kahan,779,128,62.417036084220847,7.5000000000000002e-07
kahan,780,128,64.643118027823775,7.5000000000000002e-07
kahan,781,128,60.903284179009717,7.9100000000000003e-07
kahan,782,128,66.639682398160346,7.92e-07
kahan,783,128,61.763152723421648,7.92e-07
kahan,784,128,66.276288628865387,8.3399999999999998e-07
kahan,785,128,65.553414074628606,7.92e-07
kahan,786,128,62.611198200925521,7.92e-07
kahan,787,128,66.591369941801744,7.92e-07
kahan,788,128,59.295836791133816,7.5000000000000002e-07
kahan,789,128,61.561937153080351,7.5000000000000002e-07
kahan,790,128,64.700692755069525,7.9100000000000003e-07
kahan,791,128,55.169465213967932,7.9100000000000003e-07
kahan,792,128,58.063847207038435,7.9100000000000003e-07
kahan,793,128,61.56495854514484,7.9100000000000003e-07
kahan,794,128,63.489646982969845,7.9100000000000003e-07
kahan,795,128,65.017904119425779,7.9100000000000003e-07
kahan,796,128,67.181993522435789,7.5000000000000002e-07
kahan,797,128,64.584895230053277,7.5000000000000002e-07
kahan,798,128,63.483564702629799,7.5000000000000002e-07
kahan,799,128,63.643351533431613,7.5000000000000002e-07
kahan,800,128,66.34394631317771,7.5000000000000002e-07
kahan,801,128,64.77705181017194,7.5000000000000002e-07
kahan,802,128,64.13476481397403,7.5000000000000002e-07
kahan,803,128,61.841041808009336,7.92e-07
kahan,804,128,69.048462025337059,7.5000000000000002e-07
kahan,805,128,58.31038003473882,7.5000000000000002e-07
kahan,806,128,63.175802769813565,7.5000000000000002e-07
kahan,807,128,64.575251909986946,7.5000000000000002e-07
kahan,808,128,59.794082777745473,7.92e-07
kahan,809,128,64.684525571389784,7.92e-07
kahan,810,128,58.262434143435712,8.3300000000000001e-07
kahan,811,128,64.066232161640301,7.9100000000000003e-07
kahan,812,128,61.908387888757154,7.5000000000000002e-07
kahan,813,128,62.418723664105165,7.92e-07
kahan,814,128,65.014267939777099,7.5000000000000002e-07
kahan,815,128,67.270175302883075,7.92e-07
kahan,816,128,65.495296106718371,7.5000000000000002e-07
kahan,817,128,66.981939977709231,7.92e-07
kahan,818,128,68.279434245267851,7.5000000000000002e-07
kahan,819,128,59.144099125577618,7.9100000000000003e-07
kahan,820,128,63.540409942484928,7.9100000000000003e-07
kahan,821,128,62.844573227770994,8.3300000000000001e-07
kahan,822,128,62.852273768234667,7.92e-07
kahan,823,128,64.45640323155385,7.92e-07
kahan,824,128,66.365324265475479,8.3399999999999998e-07
kahan,825,128,61.411182874310569,7.92e-07
kahan,826,128,57.386866198245521,7.92e-07
kahan,827,128,64.906042564072422,8.3300000000000001e-07
kahan,828,128,66.557971770339634,7.9100000000000003e-07
kahan,829,128,62.620623958123517,7.9100000000000003e-07
kahan,830,128,61.457606398083563,8.3300000000000001e-07
kahan,831,128,65.128450865855868,7.92e-07
kahan,832,128,66.566248745425739,7.92e-07
kahan,833,128,65.629425078171948,7.92e-07
kahan,834,128,55.141052430948974,7.92e-07
kahan,835,128,62.372591996535661,7.5000000000000002e-07
kahan,836,128,65.801625714425057,7.92e-07
kahan,837,128,63.77020440080436,7.92e-07
kahan,838,128,61.299008008218479,7.5000000000000002e-07
kahan,839,128,61.087753773616342,7.5000000000000002e-07
kahan,840,128,62.790684762826558,7.92e-07
kahan,841,128,61.586969430422734,7.92e-07
kahan,842,128,68.978822809895547,7.92e-07
kahan,843,128,65.521696752131206,8.3399999999999998e-07
kahan,844,128,74.862035094420904,7.5000000000000002e-07
kahan,845,128,64.299605011761585,7.5000000000000002e-07
kahan,846,128,63.011825791561336,7.9100000000000003e-07
kahan,847,128,64.873458930848344,7.9100000000000003e-07
kahan,848,128,57.434900278126094,7.9100000000000003e-07
kahan,849,128,63.605621421499421,7.92e-07
kahan,850,128,60.683272230262261,7.5000000000000002e-07
kahan,851,128,63.987482334236802,7.5000000000000002e-07
kahan,852,128,65.658269755175297,7.92e-07
kahan,853,128,64.031533146450073,7.5000000000000002e-07
kahan,854,128,62.340718806690305,7.9100000000000003e-07
kahan,855,128,62.823301062267056,7.9100000000000003e-07
kahan,856,128,60.826200887665919,7.9100000000000003e-07
kahan,857,128,61.787274503394826,7.9100000000000003e-07
kahan,858,128,63.713544584537445,8.3300000000000001e-07
kahan,859,128,61.435774852822341,7.92e-07
kahan,860,128,61.160325379534378,7.92e-07
kahan,861,128,65.430525457157572,7.92e-07
kahan,862,128,63.894142896999035,7.92e-07
kahan,863,128,60.79341055122633,7.92e-07
kahan,864,128,57.141927591337421,7.92e-07
kahan,865,128,61.708358468252705,7.92e-07
kahan,866,128,59.784320404904335,7.92e-07
kahan,867,128,64.477321103831798,7.92e-07
kahan,868,128,62.403360830999226,7.9100000000000003e-07
kahan,869,128,56.170029344961989,7.9100000000000003e-07
kahan,870,128,67.106272715508538,7.5000000000000002e-07
kahan,871,128,65.171693734011342,8.3300000000000001e-07
kahan,872,128,63.483295931899384,7.92e-07
kahan,873,128,65.97899914440525,7.92e-07
kahan,874,128,69.061851861533469,7.92e-07
kahan,875,128,59.218047682507425,7.92e-07
kahan,876,128,65.136440439008538,7.92e-07
kahan,877,128,65.109575268558302,7.92e-07
kahan,878,128,63.494846359578624,7.9100000000000003e-07
kahan,879,128,62.610624463797961,7.9100000000000003e-07
kahan,880,128,62.392295545030763,7.9100000000000003e-07
kahan,881,128,62.225336069887213,7.9100000000000003e-07
kahan,882,128,61.603797147142274,7.9100000000000003e-07
kahan,883,128,63.37459842196261,7.9100000000000003e-07
kahan,884,128,63.436211709899723,8.3300000000000001e-07
kahan,885,128,54.851195620003928,7.92e-07
kahan,886,128,64.067949196493331,7.92e-07
kahan,887,128,67.854770844754071,7.92e-07
kahan,888,128,67.172985995535001,7.92e-07
kahan,889,128,62.353374059288242,7.92e-07
kahan,890,128,71.778069674092393,7.92e-07
kahan,891,128,61.375892777404609,7.5000000000000002e-07
kahan,892,128,61.277218488260594,7.5000000000000002e-07
kahan,893,128,58.323467112284177,7.92e-07
kahan,894,128,63.288419843651596,7.92e-07
kahan,895,128,64.028807123441339,8.3300000000000001e-07
kahan,896,128,68.770626678116287,7.5000000000000002e-07
kahan,897,128,68.765466683418268,7.5000000000000002e-07
kahan,898,128,63.276691968071269,7.9100000000000003e-07
kahan,899,128,62.72783926804513,7.9100000000000003e-07
kahan,900,128,65.251989162650091,8.3300000000000001e-07
kahan,901,128,69.155258189894511,7.92e-07
kahan,902,128,68.253195003750847,7.92e-07
kahan,903,128,59.476753259386648,7.5000000000000002e-07
kahan,904,128,58.236038703662651,7.5000000000000002e-07
kahan,905,128,64.407705981417749,7.5000000000000002e-07
kahan,906,128,70.965760617323923,7.5000000000000002e-07
kahan,907,128,59.34876912739724,7.5000000000000002e-07
kahan,908,128,66.230862469174539,7.5000000000000002e-07
kahan,909,128,66.38868035189175,7.92e-07
kahan,910,128,63.54967659451497,7.5000000000000002e-07
kahan,911,128,62.710681250882629,7.5000000000000002e-07
kahan,912,128,68.522132488608037,7.5000000000000002e-07
kahan,913,128,58.458637982467607,7.5000000000000002e-07
kahan,914,128,61.16668990387555,7.5000000000000002e-07
kahan,915,128,69.146035034537803,7.5000000000000002e-07
kahan,916,128,65.778603013074957,7.5000000000000002e-07
kahan,917,128,64.234989505864817,7.5000000000000002e-07
kahan,918,128,66.800433639016731,7.9100000000000003e-07
kahan,919,128,62.115330537252603,7.9100000000000003e-07
kahan,920,128,64.028988597429816,7.5000000000000002e-07
kahan,921,128,61.518689013063565,7.9100000000000003e-07
kahan,922,128,60.56814877269381,7.9100000000000003e-07
kahan,923,128,64.094690606878345,8.3300000000000001e-07
kahan,924,128,62.541883097747217,7.92e-07
kahan,925,128,67.16161721677193,7.92e-07
kahan,926,128,63.620921951651844,7.92e-07
kahan,927,128,64.392242721968103,7.92e-07
kahan,928,128,66.041407687469487,7.92e-07
kahan,929,128,60.092349113416709,7.92e-07
kahan,930,128,61.862944406774218,7.5000000000000002e-07
kahan,931,128,61.518448238328183,7.5000000000000002e-07
kahan,932,128,64.913136883507562,7.92e-07
kahan,933,128,59.972379013803639,7.92e-07
kahan,934,128,69.294212213314765,7.5000000000000002e-07
kahan,935,128,62.003856404225253,8.3300000000000001e-07
kahan,936,128,62.226008688583711,7.92e-07
kahan,937,128,62.619236101717298,7.92e-07
kahan,938,128,62.608411799810398,7.92e-07
kahan,939,128,64.417901286786417,7.92e-07
kahan,940,128,66.941177551182051,8.3399999999999998e-07
kahan,941,128,62.846605472952596,7.92e-07
kahan,942,128,63.398178643899378,7.92e-07
kahan,943,128,71.056970084246998,7.92e-07
kahan,944,128,61.567127503889274,8.3300000000000001e-07
kahan,945,128,65.510334106398204,7.9100000000000003e-07
kahan,946,128,64.338752045485705,7.9100000000000003e-07
kahan,947,128,64.567831330847227,7.9100000000000003e-07
kahan,948,128,62.927555841701476,8.3300000000000001e-07
kahan,949,128,64.682670120018727,7.92e-07
kahan,950,128,61.151230577795616,7.5000000000000002e-07
kahan,951,128,73.25285038117606,7.5000000000000002e-07
kahan,952,128,63.630483918401168,7.5000000000000002e-07
kahan,953,128,63.976185628511239,7.5000000000000002e-07
kahan,954,128,66.049867241820877,7.5000000000000002e-07
kahan,955,128,59.423358937056022,7.5000000000000002e-07
kahan,956,128,62.059846832859982,7.92e-07
kahan,957,128,60.813441600023431,7.92e-07
kahan,958,128,58.506739092223114,7.92e-07
kahan,959,128,65.770783565950893,7.92e-07
kahan,960,128,68.589693990460873,7.9100000000000003e-07
kahan,961,128,63.367336018318014,7.9100000000000003e-07
kahan,962,128,66.516703493080612,7.9100000000000003e-07
kahan,963,128,63.277332245791854,7.9100000000000003e-07
kahan,964,128,62.576018208935544,7.9100000000000003e-07
kahan,965,128,64.272167116177101,8.3300000000000001e-07
kahan,966,128,62.788957880490848,7.92e-07
kahan,967,128,59.87829365873224,7.92e-07
kahan,968,128,64.563273970290069,7.5000000000000002e-07
kahan,969,128,67.077308368182585,7.5000000000000002e-07
kahan,970,128,64.120827614742609,7.5000000000000002e-07
kahan,971,128,62.479996823262169,7.92e-07
kahan,972,128,66.347196144391773,7.5000000000000002e-07
kahan,973,128,66.01786087177436,7.9100000000000003e-07
kahan,974,128,64.463422402530369,7.5000000000000002e-07
kahan,975,128,64.659786222517852,7.5000000000000002e-07
kahan,976,128,68.564933953527671,7.92e-07
kahan,977,128,73.700076783004221,7.92e-07
kahan,978,128,66.556759789170997,7.92e-07
kahan,979,128,63.313643660688477,7.92e-07
kahan,980,128,63.993052988570398,7.92e-07
kahan,981,128,66.119401399216741,7.5000000000000002e-07
kahan,982,128,62.987288319459147,7.5000000000000002e-07
kahan,983,128,67.172692150739479,7.5000000000000002e-07
kahan,984,128,70.526108047109517,7.5000000000000002e-07
kahan,985,128,64.803731288803405,7.5000000000000002e-07
kahan,986,128,64.92476061544636,7.92e-07
kahan,987,128,62.919764225187677,7.9100000000000003e-07
kahan,988,128,66.328463739794046,7.9100000000000003e-07
kahan,989,128,67.77425801178984,7.9100000000000003e-07
kahan,990,128,61.026801478101319,7.9100000000000003e-07
kahan,991,128,61.332182989175671,7.9100000000000003e-07
kahan,992,128,56.853098350601165,7.9100000000000003e-07
kahan,993,128,58.429802159876388,7.9100000000000003e-07
kahan,994,128,61.348551688859956,7.9100000000000003e-07
kahan,995,128,68.971740656535019,8.3300000000000001e-07
kahan,996,128,59.031368409768369,7.92e-07
kahan,997,128,58.723261000721209,7.92e-07
kahan,998,128,69.400730793575576,8.3399999999999998e-07
kahan,999,128,60.088232509384056,7.92e-07
kahan,1000,128,61.045324839226808,7.92e-07
kahan,1001,128,66.244563832721894,8.3300000000000001e-07
kahan,1002,128,67.929530550490497,7.5000000000000002e-07
kahan,1003,128,64.827612361561023,7.9100000000000003e-07
kahan,1004,128,66.666127606364171,7.9100000000000003e-07
kahan,1005,128,65.768036231054211,7.9100000000000003e-07
kahan,1006,128,66.583858879640005,7.9100000000000003e-07
kahan,1007,128,63.179449942528159,7.92e-07
kahan,1008,128,63.393055550627174,7.92e-07
kahan,1009,128,63.048102981663583,7.92e-07
kahan,1010,128,63.899033700324303,7.92e-07
kahan,1011,128,67.373913451902538,8.3399999999999998e-07
kahan,1012,128,71.685172843141814,7.92e-07
kahan,1013,128,70.016901050975932,7.92e-07
kahan,1014,128,67.945674454857865,8.3300000000000001e-07
kahan,1015,128,63.21693997611203,7.5000000000000002e-07
kahan,1016,128,65.232662029418293,7.92e-07
kahan,1017,128,62.841901600494062,7.5000000000000002e-07
kahan,1018,128,61.330964084108899,7.9100000000000003e-07
kahan,1019,128,66.915615223190358,7.5000000000000002e-07
kahan,1020,128,67.576967605656549,7.92e-07
kahan,1021,128,55.367178195268089,7.5000000000000002e-07
kahan,1022,128,64.509678827949401,7.92e-07
kahan,1023,128,62.57061895083725,7.5000000000000002e-07
kahan,1024,128,69.724340305909735,7.92e-07
pairwise,1,128,66.113326137543993,2.91e-07
pairwise,2,128,63.892852846880544,2.0900000000000001e-07
pairwise,3,128,62.246286434974586,1.2499999999999999e-07
pairwise,4,128,63.007237011864675,1.2499999999999999e-07
pairwise,5,128,65.243489052481124,1.2499999999999999e-07
pairwise,6,128,65.560907929904971,1.2499999999999999e-07
pairwise,7,128,65.294495519222224,8.3999999999999998e-08
pairwise,8,128,64.249899742130239,8.3000000000000002e-08
pairwise,9,128,65.161057192732514,1.2499999999999999e-07
pairwise,10,128,66.568774636136823,1.2499999999999999e-07
pairwise,11,128,62.070279473522142,1.2499999999999999e-07
pairwise,12,128,61.689193990975866,1.2499999999999999e-07
pairwise,13,128,63.188548089090844,1.2499999999999999e-07
pairwise,14,128,69.704393368439057,1.2499999999999999e-07
pairwise,15,128,60.589696251227736,1.2499999999999999e-07
pairwise,16,128,59.628251746957787,1.2499999999999999e-07
pairwise,17,128,65.525915401084319,1.2499999999999999e-07
pairwise,18,128,67.357960900088585,1.2499999999999999e-07
pairwise,19,128,60.048811421066503,1.2499999999999999e-07
pairwise,20,128,66.872221889175677,8.3000000000000002e-08
pairwise,21,128,61.352030722927253,8.3000000000000002e-08
pairwise,22,128,60.167476873893229,1.2499999999999999e-07
pairwise,23,128,62.662053773939064,8.3000000000000002e-08
pairwise,24,128,62.627768368822117,8.3000000000000002e-08
pairwise,25,128,64.65947939574805,8.3999999999999998e-08
pairwise,26,128,64.268548788110593,8.3000000000000002e-08
pairwise,27,128,65.783081990496328,8.3000000000000002e-08
pairwise,28,128,59.996691612139031,8.3999999999999998e-08
pairwise,29,128,68.375408647852296,8.3000000000000002e-08
pairwise,30,128,65.165132415121477,8.3000000000000002e-08
pairwise,31,128,60.10891090677525,8.3999999999999998e-08
pairwise,32,128,66.094694747285843,8.3000000000000002e-08
pairwise,33,128,63.187230902110514,8.3000000000000002e-08
pairwise,34,128,63.04736086020494,1.2499999999999999e-07
pairwise,35,128,64.088807589480211,8.3999999999999998e-08
pairwise,36,128,64.496034994260242,8.3000000000000002e-08
pairwise,37,128,66.309491763474242,1.2499999999999999e-07
pairwise,38,128,64.527774490311558,1.2499999999999999e-07
pairwise,39,128,63.291935650442255,1.2499999999999999e-07
pairwise,40,128,60.619620065517694,1.2499999999999999e-07
pairwise,41,128,64.639171182409868,1.2499999999999999e-07
pairwise,42,128,71.979441550321866,1.2499999999999999e-07
pairwise,43,128,65.185707457935663,1.2499999999999999e-07
pairwise,44,128,66.25393673450688,1.2499999999999999e-07
pairwise,45,128,66.840151096783444,1.2499999999999999e-07
pairwise,46,128,60.503631358189452,1.2499999999999999e-07
pairwise,47,128,67.152391502344699,1.2499999999999999e-07
pairwise,48,128,66.002197006453116,1.2499999999999999e-07
pairwise,49,128,62.326401050023165,1.2499999999999999e-07
pairwise,50,128,59.087965644319652,1.2499999999999999e-07
pairwise,51,128,61.09160278920718,1.2499999999999999e-07
pairwise,52,128,60.062018974148671,1.2499999999999999e-07
pairwise,53,128,63.377865367811083,1.2499999999999999e-07
pairwise,54,128,63.56792575611064,1.2499999999999999e-07
pairwise,55,128,71.08512803641807,1.2499999999999999e-07
pairwise,56,128,62.003669568948084,1.2499999999999999e-07
pairwise,57,128,70.129337461292309,1.2499999999999999e-07
pairwise,58,128,59.562647627815558,1.2499999999999999e-07
pairwise,59,128,59.007689320597542,1.2499999999999999e-07
pairwise,60,128,58.686035913033635,1.2499999999999999e-07
pairwise,61,128,74.05319159366698,1.2499999999999999e-07
pairwise,62,128,67.075170684156859,1.2499999999999999e-07
pairwise,63,128,62.896027117479406,1.2499999999999999e-07
pairwise,64,128,63.445172382227938,1.2499999999999999e-07
pairwise,65,128,65.424340698492415,1.2499999999999999e-07
pairwise,66,128,66.745915295989988,1.2499999999999999e-07
pairwise,67,128,65.665610690144348,1.2499999999999999e-07
pairwise,68,128,63.397140980668631,1.2499999999999999e-07
pairwise,69,128,66.711765980278159,1.2499999999999999e-07
pairwise,70,128,64.171469292643891,1.2499999999999999e-07
pairwise,71,128,58.891070414221105,1.2499999999999999e-07
pairwise,72,128,68.547198660810238,1.2499999999999999e-07
pairwise,73,128,60.186059624761867,1.2499999999999999e-07
pairwise,74,128,56.748301741883544,1.2499999999999999e-07
pairwise,75,128,63.855172930592616,1.2499999999999999e-07
pairwise,76,128,60.897751422031156,1.2499999999999999e-07
pairwise,77,128,69.272318515352481,1.2499999999999999e-07
pairwise,78,128,65.235980202745822,1.2499999999999999e-07
pairwise,79,128,64.318551374588452,1.2499999999999999e-07
pairwise,80,128,61.128131747864714,1.2499999999999999e-07
pairwise,81,128,65.431359274897616,1.2499999999999999e-07
pairwise,82,128,63.96236622863097,1.2499999999999999e-07
pairwise,83,128,62.654578075712017,1.2499999999999999e-07
pairwise,84,128,60.325988506065613,1.2499999999999999e-07
pairwise,85,128,63.168382035925539,1.2499999999999999e-07
pairwise,86,128,63.567272506331832,1.2499999999999999e-07
pairwise,87,128,64.95523980687183,1.2499999999999999e-07
pairwise,88,128,64.313868417633643,1.2499999999999999e-07
pairwise,89,128,65.953148215248831,1.2499999999999999e-07
pairwise,90,128,68.338600782966665,1.2499999999999999e-07
pairwise,91,128,62.025958260507707,1.2499999999999999e-07
pairwise,92,128,65.286189115737017,1.2499999999999999e-07
pairwise,93,128,66.105711568452051,1.2499999999999999e-07
pairwise,94,128,66.405084834701228,8.3000000000000002e-08
pairwise,95,128,65.260499109298792,8.3999999999999998e-08
pairwise,96,128,65.055128165082465,8.3000000000000002e-08
pairwise,97,128,65.827616104849881,8.3000000000000002e-08
pairwise,98,128,66.827672311918207,8.3999999999999998e-08
pairwise,99,128,63.279739986781323,8.3000000000000002e-08
pairwise,100,128,61.193029435225483,8.3000000000000002e-08
pairwise,101,128,63.285059996798545,8.3999999999999998e-08
pairwise,102,128,62.986503116370386,8.3000000000000002e-08
pairwise,103,128,61.666950895773958,8.3000000000000002e-08
pairwise,104,128,62.698266907792359,8.3999999999999998e-08
pairwise,105,128,58.262764776800424,8.3000000000000002e-08
pairwise,106,128,64.22879797209427,8.3000000000000002e-08
pairwise,107,128,64.523058175066211,8.3999999999999998e-08
pairwise,108,128,63.283272230985304,8.3000000000000002e-08
pairwise,109,128,65.081105466644729,1.2499999999999999e-07
pairwise,110,128,64.800950515086768,1.2499999999999999e-07
pairwise,111,128,60.045225926856318,1.2499999999999999e-07
pairwise,112,128,70.452535230272275,1.2499999999999999e-07
pairwise,113,128,62.689714342141201,8.3999999999999998e-08
pairwise,114,128,63.759235179214471,8.3000000000000002e-08
pairwise,115,128,60.281032517755648,8.3000000000000002e-08
pairwise,116,128,66.586246408012443,8.3999999999999998e-08
pairwise,117,128,68.481271507583756,1.2499999999999999e-07
pairwise,118,128,62.945267432113468,8.3000000000000002e-08
pairwise,119,128,64.077638698190583,1.2499999999999999e-07
pairwise,120,128,65.078893420361226,8.3000000000000002e-08
pairwise,121,128,61.156399821970965,1.2499999999999999e-07
pairwise,122,128,65.748311277398301,1.2499999999999999e-07
pairwise,123,128,63.104774017990586,1.2499999999999999e-07
pairwise,124,128,63.10740723879762,1.2499999999999999e-07
pairwise,125,128,68.149436945986537,1.2499999999999999e-07
pairwise,126,128,63.184063353190396,1.2499999999999999e-07
pairwise,127,128,67.597298775310946,1.2499999999999999e-07
pairwise,128,128,68.056054471406142,1.2499999999999999e-07
pairwise,129,128,68.223217018266155,1.2499999999999999e-07
pairwise,130,128,60.790150829863144,8.3000000000000002e-08
pairwise,131,128,64.234673526430413,1.2499999999999999e-07
pairwise,132,128,65.707298233160344,1.2499999999999999e-07
pairwise,133,128,59.47574110452662,1.2499999999999999e-07
pairwise,134,128,62.925043029413999,1.2499999999999999e-07
pairwise,135,128,61.440593395135693,1.2499999999999999e-07
pairwise,136,128,63.56011149848927,1.2499999999999999e-07
pairwise,137,128,66.094298894346394,1.2499999999999999e-07
pairwise,138,128,65.93103662077479,1.2499999999999999e-07
pairwise,139,128,60.41513612059542,1.2499999999999999e-07
pairwise,140,128,59.24873457527265,1.2499999999999999e-07
pairwise,141,128,66.786532383292752,1.2499999999999999e-07
pairwise,142,128,60.873747814920904,1.2499999999999999e-07
pairwise,143,128,59.413849873235996,1.2499999999999999e-07
pairwise,144,128,67.48860681680155,1.2499999999999999e-07
pairwise,145,128,62.741145814899227,1.2499999999999999e-07
pairwise,146,128,64.196021825754087,4.1999999999999999e-08
pairwise,147,128,68.66814497446822,1.2499999999999999e-07
pairwise,148,128,66.005362951886298,1.2499999999999999e-07
pairwise,149,128,63.46054388141863,1.2499999999999999e-07
pairwise,150,128,64.87499592248588,1.2499999999999999e-07
pairwise,151,128,66.297638848755426,1.2499999999999999e-07
pairwise,152,128,65.874971906272464,1.2499999999999999e-07
pairwise,153,128,60.302188721915556,1.2499999999999999e-07
pairwise,154,128,61.50380704043863,1.2499999999999999e-07
pairwise,155,128,69.948304249805616,1.2499999999999999e-07
pairwise,156,128,61.95357298681116,1.2499999999999999e-07
pairwise,157,128,68.010639076149772,1.2499999999999999e-07
pairwise,158,128,64.257464005668112,1.2499999999999999e-07
pairwise,159,128,62.698919949162061,1.2499999999999999e-07
pairwise,160,128,67.791051061154633,1.2499999999999999e-07
pairwise,161,128,66.706340680505349,1.2499999999999999e-07
pairwise,162,128,57.654089922898734,1.2499999999999999e-07
pairwise,163,128,66.853027378314295,1.2499999999999999e-07
pairwise,164,128,65.286737655457273,1.2499999999999999e-07
pairwise,165,128,63.929136478942752,1.2499999999999999e-07
pairwise,166,128,63.831380447629108,1.2499999999999999e-07
pairwise,167,128,61.390925487502003,8.3000000000000002e-08
pairwise,168,128,62.73725144709028,8.3000000000000002e-08
pairwise,169,128,65.802177405874858,8.3999999999999998e-08
pairwise,170,128,60.617608768373785,8.3000000000000002e-08
pairwise,171,128,65.694213438887274,8.3000000000000002e-08
pairwise,172,128,65.808300671322002,8.3999999999999998e-08
pairwise,173,128,63.691254099044798,8.3000000000000002e-08
pairwise,174,128,60.667930514372202,8.3000000000000002e-08
pairwise,175,128,67.505086938698639,8.3999999999999998e-08
pairwise,176,128,70.935276659694765,8.3000000000000002e-08
pairwise,177,128,65.595464325803022,8.3000000000000002e-08
pairwise,178,128,66.714210269495595,8.3999999999999998e-08
pairwise,179,128,61.116583146481545,8.3000000000000002e-08
pairwise,180,128,69.236426375993247,8.3000000000000002e-08
pairwise,181,128,66.485189590276804,8.3999999999999998e-08
pairwise,182,128,65.483523427483249,8.3000000000000002e-08
pairwise,183,128,66.854920362712107,8.3000000000000002e-08
pairwise,184,128,64.540684894275046,8.3999999999999998e-08
pairwise,185,128,70.750887340804439,1.2499999999999999e-07
pairwise,186,128,59.522422551642187,1.2499999999999999e-07
pairwise,187,128,67.157616123448292,1.2499999999999999e-07
pairwise,188,128,69.190283448830968,1.2499999999999999e-07
pairwise,189,128,68.235076483584862,1.2499999999999999e-07
pairwise,190,128,67.622006344759697,1.2499999999999999e-07
pairwise,191,128,58.036397468087294,1.2499999999999999e-07
pairwise,192,128,56.397620613504913,1.2499999999999999e-07
pairwise,193,128,62.60456036423232,1.2499999999999999e-07
pairwise,194,128,65.259704682243708,1.2499999999999999e-07
pairwise,195,128,67.974441898910086,1.2499999999999999e-07
pairwise,196,128,65.721268697356663,1.2499999999999999e-07
pairwise,197,128,55.989939300835154,1.2499999999999999e-07
pairwise,198,128,59.463683592375062,1.2499999999999999e-07
pairwise,199,128,68.690959155444006,1.2499999999999999e-07
pairwise,200,128,64.985278123360985,1.2499999999999999e-07
pairwise,201,128,60.039839379263604,1.2499999999999999e-07
pairwise,202,128,58.896390083389036,1.2499999999999999e-07
pairwise,203,128,65.421458195747476,1.2499999999999999e-07
pairwise,204,128,64.615660335501474,1.2499999999999999e-07
pairwise,205,128,64.859080495955098,8.3000000000000002e-08
pairwise,206,128,61.187151577890347,8.3000000000000002e-08
pairwise,207,128,63.040924147506772,8.3999999999999998e-08
pairwise,208,128,65.517917600601564,8.3000000000000002e-08
pairwise,209,128,63.968104134005145,8.3000000000000002e-08
pairwise,210,128,67.959835657569272,8.3999999999999998e-08
pairwise,211,128,64.267752856460675,8.3000000000000002e-08
pairwise,212,128,64.732892574036143,8.3000000000000002e-08
pairwise,213,128,66.255173836148543,8.3999999999999998e-08
pairwise,214,128,61.469121075619526,8.3000000000000002e-08
pairwise,215,128,64.613826685541341,8.3000000000000002e-08
pairwise,216,128,69.407456640051009,8.3999999999999998e-08
pairwise,217,128,57.194251197327617,8.3000000000000002e-08
pairwise,218,128,63.125210340579201,8.3000000000000002e-08
pairwise,219,128,63.92563619906494,8.3999999999999998e-08
pairwise,220,128,62.416437848157742,1.2499999999999999e-07
pairwise,221,128,62.816735706295248,1.2499999999999999e-07
pairwise,222,128,61.602124989271481,1.2499999999999999e-07
pairwise,223,128,63.079795589357957,1.2499999999999999e-07
pairwise,224,128,60.756498073601222,1.2499999999999999e-07
pairwise,225,128,59.876098102658318,1.2499999999999999e-07
pairwise,226,128,62.138675831552938,1.2499999999999999e-07
pairwise,227,128,66.487868839961664,1.2499999999999999e-07
pairwise,228,128,55.394723816299013,1.2499999999999999e-07
pairwise,229,128,66.265820894277283,1.2499999999999999e-07
pairwise,230,128,63.685070903155562,1.2499999999999999e-07
pairwise,231,128,70.925799477962727,1.2499999999999999e-07
pairwise,232,128,62.392396588638242,1.2499999999999999e-07
pairwise,233,128,61.952858915417082,1.2499999999999999e-07
pairwise,234,128,57.63552958778952,1.2499999999999999e-07
pairwise,235,128,67.435656678771409,1.2499999999999999e-07
pairwise,236,128,54.67663377831127,1.2499999999999999e-07
pairwise,237,128,65.641077565320714,1.2499999999999999e-07
pairwise,238,128,63.751475311112337,1.2499999999999999e-07
pairwise,239,128,66.873544586011462,1.2499999999999999e-07
pairwise,240,128,67.028691728722606,8.3000000000000002e-08
pairwise,241,128,64.309626093487509,1.2499999999999999e-07
pairwise,242,128,65.730236503349033,8.3999999999999998e-08
pairwise,243,128,69.308775467786987,8.3000000000000002e-08
pairwise,244,128,63.588986013888004,8.3000000000000002e-08
pairwise,245,128,66.421310185608675,8.3999999999999998e-08
pairwise,246,128,63.778700269998538,8.3000000000000002e-08
pairwise,247,128,63.529193167857699,8.3000000000000002e-08
pairwise,248,128,64.527609573716802,8.3999999999999998e-08
pairwise,249,128,59.961324906463197,8.3000000000000002e-08
pairwise,250,128,66.697245159117955,8.3000000000000002e-08
pairwise,251,128,60.624981349872833,8.3999999999999998e-08
pairwise,252,128,61.40700581097272,8.3000000000000002e-08
pairwise,253,128,53.12936209777093,8.3000000000000002e-08
pairwise,254,128,60.631617773095783,1.2499999999999999e-07
pairwise,255,128,63.199476848995538,1.2499999999999999e-07
pairwise,256,128,65.827598203261047,1.2499999999999999e-07
pairwise,257,128,65.208659726516345,8.3999999999999998e-08
pairwise,258,128,62.881023094510368,8.3000000000000002e-08
pairwise,259,128,63.168167743071869,8.3000000000000002e-08
pairwise,260,128,64.064457044074558,1.2499999999999999e-07
pairwise,261,128,62.755289704756436,1.2499999999999999e-07
pairwise,262,128,64.060267250983301,1.2499999999999999e-07
pairwise,263,128,64.552846315846438,1.2499999999999999e-07
pairwise,264,128,58.872084544685038,1.2499999999999999e-07
pairwise,265,128,63.140611603830273,1.2499999999999999e-07
pairwise,266,128,63.985622924573519,1.2499999999999999e-07
pairwise,267,128,60.620590831452837,1.2499999999999999e-07
pairwise,268,128,68.82336243872966,1.2499999999999999e-07
pairwise,269,128,63.850865851061272,1.2499999999999999e-07
pairwise,270,128,58.070016497074221,1.2499999999999999e-07
pairwise,271,128,56.504693430970761,1.2499999999999999e-07
pairwise,272,128,70.179548730533696,1.2499999999999999e-07
pairwise,273,128,71.347357937733079,1.2499999999999999e-07
pairwise,274,128,65.926741816067704,1.2499999999999999e-07
pairwise,275,128,69.398923618561724,1.2499999999999999e-07
pairwise,276,128,65.693563332093845,1.2499999999999999e-07
pairwise,277,128,61.075091871725235,8.3999999999999998e-08
pairwise,278,128,67.220972704395223,8.3000000000000002e-08
pairwise,279,128,66.198942463768248,8.3000000000000002e-08
pairwise,280,128,61.252535524301678,8.3999999999999998e-08
pairwise,281,128,67.482280501171914,8.3000000000000002e-08
pairwise,282,128,62.062044068468602,8.3000000000000002e-08
pairwise,283,128,67.649846553957573,8.3999999999999998e-08
pairwise,284,128,65.68492579937184,8.3000000000000002e-08
pairwise,285,128,67.464875984164252,8.3000000000000002e-08
pairwise,286,128,66.280656016243242,8.3999999999999998e-08
pairwise,287,128,63.68644346904707,8.3000000000000002e-08
pairwise,288,128,60.523637057468989,8.3000000000000002e-08
pairwise,289,128,64.907810563606205,8.3999999999999998e-08
pairwise,290,128,67.737192734481681,8.3000000000000002e-08
pairwise,291,128,69.377850563874929,8.3000000000000002e-08
pairwise,292,128,63.238712367001852,8.3999999999999998e-08
pairwise,293,128,63.368312559000906,8.3000000000000002e-08
pairwise,294,128,63.04875475483189,1.2499999999999999e-07
pairwise,295,128,61.173313803803971,1.2499999999999999e-07
pairwise,296,128,62.742415679749776,1.2499999999999999e-07
pairwise,297,128,61.269670245731881,1.2499999999999999e-07
pairwise,298,128,64.77099058293399,1.2499999999999999e-07
pairwise,299,128,69.935992169931694,1.2499999999999999e-07
pairwise,300,128,64.114165936953583,1.2499999999999999e-07
pairwise,301,128,63.077967393584743,1.2499999999999999e-07
pairwise,302,128,63.645337475738245,1.2499999999999999e-07
pairwise,303,128,61.92468231448585,1.2499999999999999e-07
pairwise,304,128,64.067412892414922,1.2499999999999999e-07
pairwise,305,128,69.349955188586762,1.2499999999999999e-07
pairwise,306,128,63.117948828435217,1.2499999999999999e-07
pairwise,307,128,62.291319215477557,1.2499999999999999e-07
pairwise,308,128,58.947779102480354,1.2499999999999999e-07
pairwise,309,128,57.936792756096011,1.2499999999999999e-07
pairwise,310,128,61.884721780541483,1.2499999999999999e-07
pairwise,311,128,63.318033553973287,1.2499999999999999e-07
pairwise,312,128,64.601069402873605,8.3999999999999998e-08
pairwise,313,128,63.720259053357992,8.3000000000000002e-08
pairwise,314,128,63.808964332583948,8.3000000000000002e-08
pairwise,315,128,65.11619372229417,8.3999999999999998e-08
pairwise,316,128,67.18772132361164,8.3000000000000002e-08
pairwise,317,128,62.055219634819125,8.3000000000000002e-08
pairwise,318,128,62.600902881519076,8.3999999999999998e-08
pairwise,319,128,64.09629005618001,8.3000000000000002e-08
pairwise,320,128,66.051669108302718,8.3000000000000002e-08
pairwise,321,128,65.273711678312537,8.3999999999999998e-08
pairwise,322,128,64.174070758200841,8.3000000000000002e-08
pairwise,323,128,64.037929116118647,8.3000000000000002e-08
pairwise,324,128,60.951167604938945,8.3999999999999998e-08
pairwise,325,128,65.649988080634245,8.3000000000000002e-08
pairwise,326,128,62.098187876217906,8.3000000000000002e-08
pairwise,327,128,62.804110364592702,8.3999999999999998e-08
pairwise,328,128,63.027446728305691,8.3000000000000002e-08
pairwise,329,128,63.184479395051113,8.3000000000000002e-08
pairwise,330,128,63.577174663245259,8.3999999999999998e-08
pairwise,331,128,66.437493909974137,8.3000000000000002e-08
pairwise,332,128,68.393818172137912,8.3000000000000002e-08
pairwise,333,128,65.130894209169369,8.3999999999999998e-08
pairwise,334,128,69.74282313560559,8.3000000000000002e-08
pairwise,335,128,57.49516911331483,1.2499999999999999e-07
pairwise,336,128,64.188689972810195,1.2499999999999999e-07
pairwise,337,128,62.778805839486807,8.3000000000000002e-08
pairwise,338,128,59.154296542677578,1.2499999999999999e-07
pairwise,339,128,64.584857450652663,1.2499999999999999e-07
pairwise,340,128,68.04989956188021,1.2499999999999999e-07
pairwise,341,128,58.647228484005346,1.2499999999999999e-07
pairwise,342,128,59.297308552783349,1.2499999999999999e-07
pairwise,343,128,61.065270095032197,1.2499999999999999e-07
pairwise,344,128,67.068343567638124,1.2499999999999999e-07
pairwise,345,128,65.410599870848529,1.2499999999999999e-07
pairwise,346,128,62.542728044601333,1.2499999999999999e-07
pairwise,347,128,65.469479997573046,1.2499999999999999e-07
pairwise,348,128,61.50624055018767,1.2499999999999999e-07
pairwise,349,128,69.685494997839157,1.2499999999999999e-07
pairwise,350,128,64.278136977471391,1.2499999999999999e-07
pairwise,351,128,60.238631027694318,1.2499999999999999e-07
pairwise,352,128,67.620190330555715,1.2499999999999999e-07
pairwise,353,128,62.986661721963877,1.2499999999999999e-07
pairwise,354,128,66.723569290749211,1.2499999999999999e-07
pairwise,355,128,69.219798728132474,1.2499999999999999e-07
pairwise,356,128,62.573019727036758,1.2499999999999999e-07
pairwise,357,128,59.345709212650128,1.2499999999999999e-07
pairwise,358,128,65.664819832212942,1.2499999999999999e-07
pairwise,359,128,56.946039925162637,1.2499999999999999e-07
pairwise,360,128,69.369720618632471,8.3000000000000002e-08
pairwise,361,128,69.672732074275814,8.3000000000000002e-08
pairwise,362,128,60.459047348091694,8.3999999999999998e-08
pairwise,363,128,63.98039790984501,8.3000000000000002e-08
pairwise,364,128,60.704412706016356,8.3000000000000002e-08
pairwise,365,128,65.160258652973738,8.3999999999999998e-08
pairwise,366,128,65.370209894574799,8.3000000000000002e-08
pairwise,367,128,62.08179310895845,8.3000000000000002e-08
pairwise,368,128,66.076830574972064,8.3999999999999998e-08
pairwise,369,128,68.514969306721099,8.3000000000000002e-08
pairwise,370,128,63.453589847345242,8.3000000000000002e-08
pairwise,371,128,66.879432850032629,8.3999999999999998e-08
pairwise,372,128,67.772012679903582,8.3000000000000002e-08
pairwise,373,128,63.044253319992549,8.3000000000000002e-08
pairwise,374,128,64.806788939124061,8.3999999999999998e-08
pairwise,375,128,67.935549771057538,8.3000000000000002e-08
pairwise,376,128,65.669049138712793,8.3000000000000002e-08
pairwise,377,128,66.699340358807035,1.2499999999999999e-07
pairwise,378,128,69.72944635504372,1.2499999999999999e-07
pairwise,379,128,62.9833793842852,1.2499999999999999e-07
pairwise,380,128,65.608273003504181,1.2499999999999999e-07
pairwise,381,128,63.838608974870709,1.2499999999999999e-07
pairwise,382,128,62.287767036454603,1.2499999999999999e-07
pairwise,383,128,63.461565380584126,1.2499999999999999e-07
pairwise,384,128,63.02726397932318,1.2499999999999999e-07
pairwise,385,128,67.81985880830787,1.2499999999999999e-07
pairwise,386,128,62.772055437377801,1.2499999999999999e-07
pairwise,387,128,63.342140973471217,1.2499999999999999e-07
pairwise,388,128,62.96821805451782,1.2499999999999999e-07
pairwise,389,128,56.608120686799339,1.2499999999999999e-07
pairwise,390,128,64.176075886729251,1.2499999999999999e-07
pairwise,391,128,60.752612333114655,1.2499999999999999e-07
pairwise,392,128,69.082486018025548,1.2499999999999999e-07
pairwise,393,128,69.265463228102078,1.2499999999999999e-07
pairwise,394,128,62.795085204746698,1.2499999999999999e-07
pairwise,395,128,67.490327213013373,1.2499999999999999e-07
pairwise,396,128,71.696415744579326,1.2499999999999999e-07
pairwise,397,128,59.422476422669824,1.2499999999999999e-07
pairwise,398,128,65.054831043128317,1.2499999999999999e-07
pairwise,399,128,64.903268158809212,1.2499999999999999e-07
pairwise,400,128,64.687653407494622,1.2499999999999999e-07
pairwise,401,128,59.608399210631283,1.2499999999999999e-07
pairwise,402,128,66.450193884785605,1.2499999999999999e-07
pairwise,403,128,63.269664690303671,8.3999999999999998e-08
pairwise,404,128,63.632270804223687,8.3000000000000002e-08
pairwise,405,128,65.702922057084464,8.3000000000000002e-08
pairwise,406,128,69.697289726413061,8.3999999999999998e-08
pairwise,407,128,68.502662424255846,8.3000000000000002e-08
pairwise,408,128,62.662091262974663,8.3000000000000002e-08
pairwise,409,128,60.406616269987616,8.3999999999999998e-08
pairwise,410,128,62.797959854937105,8.3000000000000002e-08
pairwise,411,128,62.093893418572392,8.3000000000000002e-08
pairwise,412,128,59.391134523933438,8.3999999999999998e-08
pairwise,413,128,64.308527419638466,8.3000000000000002e-08
pairwise,414,128,62.803599654411542,8.3000000000000002e-08
pairwise,415,128,59.111758676611402,1.2499999999999999e-07
pairwise,416,128,64.710846187179087,1.2499999999999999e-07
pairwise,417,128,63.023972985546571,8.3000000000000002e-08
pairwise,418,128,64.299774173653191,8.3999999999999998e-08
pairwise,419,128,68.24258342277983,1.2499999999999999e-07
pairwise,420,128,64.09475045449156,1.2499999999999999e-07
pairwise,421,128,65.110924157730153,1.2499999999999999e-07
pairwise,422,128,68.021953358319706,1.2499999999999999e-07
pairwise,423,128,58.617419258455989,1.2499999999999999e-07
pairwise,424,128,70.214671183087887,1.2499999999999999e-07
pairwise,425,128,67.51078569810268,1.2499999999999999e-07
pairwise,426,128,64.489730815440083,1.2499999999999999e-07
pairwise,427,128,59.428183094276434,1.2499999999999999e-07
pairwise,428,128,63.273063720692505,1.2499999999999999e-07
pairwise,429,128,59.68111092353368,1.2499999999999999e-07
pairwise,430,128,60.78968194021391,1.2499999999999999e-07
pairwise,431,128,66.122818549687793,1.2499999999999999e-07
pairwise,432,128,62.197431456127717,1.2499999999999999e-07
pairwise,433,128,69.925342825131565,1.2499999999999999e-07
pairwise,434,128,68.230281380374549,1.2499999999999999e-07
pairwise,435,128,66.613231912028425,1.2499999999999999e-07
pairwise,436,128,60.57903743733857,1.2499999999999999e-07
pairwise,437,128,69.457029239490282,8.3000000000000002e-08
pairwise,438,128,63.837860178384879,8.3999999999999998e-08
pairwise,439,128,60.468888213636696,8.3000000000000002e-08
pairwise,440,128,66.360207158296802,8.3000000000000002e-08
pairwise,441,128,64.089331018751906,8.3999999999999998e-08
pairwise,442,128,64.675935496505033,8.3000000000000002e-08
pairwise,443,128,65.980385582622461,8.3000000000000002e-08
pairwise,444,128,64.347400544824239,8.3999999999999998e-08
pairwise,445,128,62.047541422810504,8.3000000000000002e-08
pairwise,446,128,59.642308680247652,8.3000000000000002e-08
pairwise,447,128,60.455914348985161,1.2499999999999999e-07
pairwise,448,128,69.796691950788599,8.3000000000000002e-08
pairwise,449,128,65.241502318616284,8.3000000000000002e-08
pairwise,450,128,65.351144170292514,8.3999999999999998e-08
pairwise,451,128,62.01779250493108,8.3000000000000002e-08
pairwise,452,128,66.022409967780874,8.3000000000000002e-08
pairwise,453,128,64.744622442652542,8.3999999999999998e-08
pairwise,454,128,64.673020488665358,8.3000000000000002e-08
pairwise,455,128,58.421911611394918,1.2499999999999999e-07
pairwise,456,128,62.160952483807677,1.2499999999999999e-07
pairwise,457,128,64.344502814571399,1.2499999999999999e-07
pairwise,458,128,62.460400796688816,1.2499999999999999e-07
pairwise,459,128,62.783792163728229,1.2499999999999999e-07
pairwise,460,128,69.061165006870596,1.2499999999999999e-07
pairwise,461,128,62.355443193764984,1.2499999999999999e-07
pairwise,462,128,60.446420325649704,1.2499999999999999e-07
pairwise,463,128,68.009263691690407,1.2499999999999999e-07
pairwise,464,128,53.983438671015904,1.2499999999999999e-07
pairwise,465,128,65.63418753501108,1.2499999999999999e-07
pairwise,466,128,63.908108224730753,1.2499999999999999e-07
pairwise,467,128,67.955334746023908,1.2499999999999999e-07
pairwise,468,128,66.900710259862578,1.2499999999999999e-07
pairwise,469,128,66.787104219955523,1.2499999999999999e-07
pairwise,470,128,58.717334765291824,1.2499999999999999e-07
pairwise,471,128,67.284767435465568,1.2499999999999999e-07
pairwise,472,128,63.325271273846532,1.2499999999999999e-07
pairwise,473,128,66.533024139006415,1.2499999999999999e-07
pairwise,474,128,63.207205376171906,1.2499999999999999e-07
pairwise,475,128,61.342147631179301,1.2499999999999999e-07
pairwise,476,128,62.586907352610275,8.3999999999999998e-08
pairwise,477,128,69.556614689640938,8.3000000000000002e-08
pairwise,478,128,60.026142728272376,8.3000000000000002e-08
pairwise,479,128,60.782340770703996,8.3999999999999998e-08
pairwise,480,128,63.30462476979524,8.3000000000000002e-08
pairwise,481,128,63.840373941296789,8.3000000000000002e-08
pairwise,482,128,62.963228473766279,8.3999999999999998e-08
pairwise,483,128,68.5782487862935,8.3000000000000002e-08
pairwise,484,128,61.57235029757679,8.3000000000000002e-08
pairwise,485,128,63.655724439241823,8.3999999999999998e-08
pairwise,486,128,64.064437123990871,8.3000000000000002e-08
pairwise,487,128,66.861124382287869,8.3000000000000002e-08
pairwise,488,128,68.467615324997425,8.3999999999999998e-08
pairwise,489,128,70.222255993155883,8.3000000000000002e-08
pairwise,490,128,64.589239768548168,8.3000000000000002e-08
pairwise,491,128,64.534822295395486,1.2499999999999999e-07
pairwise,492,128,69.139525138177717,1.2499999999999999e-07
pairwise,493,128,60.946538396406169,1.2499999999999999e-07
pairwise,494,128,63.082832433188152,1.2499999999999999e-07
pairwise,495,128,64.399250387410632,1.2499999999999999e-07
pairwise,496,128,65.317408583961367,1.2499999999999999e-07
pairwise,497,128,66.760690682777721,1.2499999999999999e-07
pairwise,498,128,60.137109356336225,1.2499999999999999e-07
pairwise,499,128,69.400211057051393,1.2499999999999999e-07
pairwise,500,128,61.05104485512117,1.2499999999999999e-07
pairwise,501,128,65.194965390160931,8.3000000000000002e-08
pairwise,502,128,61.063017761279781,8.3999999999999998e-08
pairwise,503,128,70.208603513669232,8.3000000000000002e-08
pairwise,504,128,63.617062556313364,8.3000000000000002e-08
pairwise,505,128,62.161211697418047,8.3999999999999998e-08
pairwise,506,128,62.269978495858723,8.3000000000000002e-08
pairwise,507,128,61.333090416881035,8.3000000000000002e-08
pairwise,508,128,72.753526868675635,1.2499999999999999e-07
pairwise,509,128,63.777940850771103,1.2499999999999999e-07
pairwise,510,128,63.089517633433189,1.2499999999999999e-07
pairwise,511,128,64.612916392786119,1.2499999999999999e-07
pairwise,512,128,67.871327975524224,1.2499999999999999e-07
pairwise,513,128,63.638236468798823,1.2499999999999999e-07
pairwise,514,128,63.357053814776059,1.2499999999999999e-07
pairwise,515,128,68.257451632636929,1.2499999999999999e-07
pairwise,516,128,55.943741102258763,1.2499999999999999e-07
pairwise,517,128,62.442888406928944,1.2499999999999999e-07
pairwise,518,128,63.804588583077219,1.2499999999999999e-07
pairwise,519,128,63.680510149520359,1.2499999999999999e-07
pairwise,520,128,63.880577491896638,1.2499999999999999e-07
pairwise,521,128,67.645992186890368,1.2499999999999999e-07
pairwise,522,128,67.597872293546118,8.3000000000000002e-08
pairwise,523,128,64.364006076411712,8.3999999999999998e-08
pairwise,524,128,66.845669248495156,8.3000000000000002e-08
pairwise,525,128,64.836351072664712,8.3000000000000002e-08
pairwise,526,128,63.93903732204538,8.3999999999999998e-08
pairwise,527,128,60.570028531832591,8.3000000000000002e-08
pairwise,528,128,68.410645921877688,8.3000000000000002e-08
pairwise,529,128,60.989704426777422,8.3999999999999998e-08
pairwise,530,128,60.643180306863542,8.3000000000000002e-08
pairwise,531,128,65.976427172597809,8.3000000000000002e-08
pairwise,532,128,64.212129167695394,8.3999999999999998e-08
pairwise,533,128,66.489394533179137,8.3000000000000002e-08
pairwise,534,128,58.910370624427031,8.3000000000000002e-08
pairwise,535,128,66.447070965483221,8.3999999999999998e-08
pairwise,536,128,62.418736567160046,8.3000000000000002e-08
pairwise,537,128,65.97009376461682,8.3000000000000002e-08
pairwise,538,128,67.671062513822449,8.3999999999999998e-08
pairwise,539,128,64.199821938453098,1.2499999999999999e-07
pairwise,540,128,69.46539453840785,1.2499999999999999e-07
pairwise,541,128,63.010486961695406,1.2499999999999999e-07
pairwise,542,128,58.041312924024353,1.2499999999999999e-07
pairwise,543,128,61.898699728066113,1.2499999999999999e-07
pairwise,544,128,63.400595063756249,1.2499999999999999e-07
pairwise,545,128,70.839217092252028,1.2499999999999999e-07
pairwise,546,128,60.930070803742069,1.2499999999999999e-07
pairwise,547,128,65.242186753481349,1.2499999999999999e-07
pairwise,548,128,60.562108857773055,1.2499999999999999e-07
pairwise,549,128,62.839725916886252,1.2499999999999999e-07
pairwise,550,128,61.654780158125547,1.2499999999999999e-07
pairwise,551,128,64.044654258861101,1.2499999999999999e-07
pairwise,552,128,64.834458410905526,1.2499999999999999e-07
pairwise,553,128,60.481137907431204,1.2499999999999999e-07
pairwise,554,128,60.739182990396401,1.2499999999999999e-07
pairwise,555,128,64.981080653319111,1.2499999999999999e-07
pairwise,556,128,66.218369504570859,1.2499999999999999e-07
pairwise,557,128,67.928610086275384,1.2499999999999999e-07
pairwise,558,128,62.784266670749773,1.2499999999999999e-07
pairwise,559,128,65.795696002920224,8.3000000000000002e-08
pairwise,560,128,68.22757004731956,8.3000000000000002e-08
pairwise,561,128,63.094787713118407,8.3999999999999998e-08
pairwise,562,128,65.550801098927067,8.3000000000000002e-08
pairwise,563,128,64.569882661777797,8.3000000000000002e-08
pairwise,564,128,64.863508278795109,8.3999999999999998e-08
pairwise,565,128,61.807226086879552,8.3000000000000002e-08
pairwise,566,128,62.568387496408874,8.3000000000000002e-08
pairwise,567,128,66.158973371664359,8.3999999999999998e-08
pairwise,568,128,66.206949519622498,8.3000000000000002e-08
pairwise,569,128,63.479223440131754,8.3000000000000002e-08
pairwise,570,128,67.082180057392989,8.3999999999999998e-08
pairwise,571,128,64.857302324214473,8.3000000000000002e-08
pairwise,572,128,66.277166931520426,1.2499999999999999e-07
pairwise,573,128,63.501743189252849,1.2499999999999999e-07
pairwise,574,128,67.252487319352369,1.2499999999999999e-07
pairwise,575,128,61.21979267227465,1.2499999999999999e-07
pairwise,576,128,63.64761592766483,1.2499999999999999e-07
pairwise,577,128,59.77608115871115,1.2499999999999999e-07
pairwise,578,128,57.989782112665068,1.2499999999999999e-07
pairwise,579,128,62.165894282258648,1.2499999999999999e-07
pairwise,580,128,64.67206682218,1.2499999999999999e-07
pairwise,581,128,61.913765696735211,1.2499999999999999e-07
pairwise,582,128,61.279535527227438,1.2499999999999999e-07
pairwise,583,128,63.256402622539852,1.2499999999999999e-07
pairwise,584,128,65.431440490167518,1.2499999999999999e-07
pairwise,585,128,55.74601292681659,1.2499999999999999e-07
pairwise,586,128,66.186667642232607,1.2499999999999999e-07
pairwise,587,128,67.415229170755197,1.2499999999999999e-07
pairwise,588,128,56.466841872217358,1.2499999999999999e-07
pairwise,589,128,63.591154659443248,1.2499999999999999e-07
pairwise,590,128,62.057370854810472,1.2499999999999999e-07
pairwise,591,128,66.183176120268058,8.3000000000000002e-08
pairwise,592,128,62.095661381496811,8.3000000000000002e-08
pairwise,593,128,62.055695321904182,8.3999999999999998e-08
pairwise,594,128,62.52706454756138,8.3000000000000002e-08
pairwise,595,128,73.454915854329201,8.3000000000000002e-08
pairwise,596,128,66.204543134950157,8.3999999999999998e-08
pairwise,597,128,63.223729750920953,8.3000000000000002e-08
pairwise,598,128,73.346576755869535,8.3000000000000002e-08
pairwise,599,128,67.491762638059299,8.3999999999999998e-08
pairwise,600,128,59.568256464346547,8.3000000000000002e-08
pairwise,601,128,67.945721069799504,8.3000000000000002e-08
pairwise,602,128,63.519366413939849,8.3999999999999998e-08
pairwise,603,128,57.83618258521885,8.3000000000000002e-08
pairwise,604,128,55.495728036920866,8.3000000000000002e-08
pairwise,605,128,65.976287109243529,1.2499999999999999e-07
pairwise,606,128,63.959742508904171,1.2499999999999999e-07
pairwise,607,128,63.408623799193322,1.2499999999999999e-07
pairwise,608,128,59.731944018429587,1.2499999999999999e-07
pairwise,609,128,60.506875176332329,1.2499999999999999e-07
pairwise,610,128,63.325021973621418,1.2499999999999999e-07
pairwise,611,128,61.33172580102584,1.2499999999999999e-07
pairwise,612,128,69.780875762437972,1.2499999999999999e-07
pairwise,613,128,63.71989298354459,1.2499999999999999e-07
pairwise,614,128,62.962554060264452,1.2499999999999999e-07
pairwise,615,128,66.385629438658498,1.2499999999999999e-07
pairwise,616,128,66.450214952542012,1.2499999999999999e-07
pairwise,617,128,61.520038574665676,1.2499999999999999e-07
pairwise,618,128,62.545641012028049,1.2499999999999999e-07
pairwise,619,128,62.326631382997022,1.2499999999999999e-07
pairwise,620,128,67.389649837186923,1.2499999999999999e-07
pairwise,621,128,68.121520867013956,1.2499999999999999e-07
pairwise,622,128,64.608908911254844,1.2499999999999999e-07
pairwise,623,128,66.535634068102837,1.2499999999999999e-07
pairwise,624,128,64.111759932289971,1.2499999999999999e-07
pairwise,625,128,62.402242543987597,1.2499999999999999e-07
pairwise,626,128,66.08335767953362,1.2499999999999999e-07
pairwise,627,128,65.237627316995983,8.3999999999999998e-08
pairwise,628,128,69.210554996129702,8.3000000000000002e-08
pairwise,629,128,62.472030154241239,8.3000000000000002e-08
pairwise,630,128,64.299927555548322,8.3999999999999998e-08
pairwise,631,128,64.890358899036784,8.3000000000000002e-08
pairwise,632,128,59.195879949650433,8.3000000000000002e-08
pairwise,633,128,62.317617195722427,8.3999999999999998e-08
pairwise,634,128,62.693142068710188,8.3000000000000002e-08
pairwise,635,128,62.830769563530048,8.3000000000000002e-08
pairwise,636,128,61.093635503623773,8.3999999999999998e-08
pairwise,637,128,67.220221760705314,8.3000000000000002e-08
pairwise,638,128,58.052342262208398,1.2499999999999999e-07
pairwise,639,128,58.742478467348946,1.2499999999999999e-07
pairwise,640,128,64.475738881265698,1.2499999999999999e-07
pairwise,641,128,63.561120631088237,8.3000000000000002e-08
pairwise,642,128,65.151401157012856,8.3999999999999998e-08
pairwise,643,128,60.00225184749663,8.3000000000000002e-08
pairwise,644,128,65.410497484762857,1.2499999999999999e-07
pairwise,645,128,64.039209171006121,1.2499999999999999e-07
pairwise,646,128,70.411863098600861,1.2499999999999999e-07
pairwise,647,128,62.33704623579051,1.2499999999999999e-07
pairwise,648,128,66.581324094250419,1.2499999999999999e-07
pairwise,649,128,62.175255099123618,8.3000000000000002e-08
pairwise,650,128,62.546977215079465,8.3999999999999998e-08
pairwise,651,128,61.344463744852504,8.3000000000000002e-08
pairwise,652,128,66.103304271690902,8.3000000000000002e-08
pairwise,653,128,66.064522759082521,8.3999999999999998e-08
pairwise,654,128,65.375830509873623,8.3000000000000002e-08
pairwise,655,128,63.826491658798943,8.3000000000000002e-08
pairwise,656,128,67.435155492926057,8.3999999999999998e-08
pairwise,657,128,67.574320154757714,8.3000000000000002e-08
pairwise,658,128,62.520537718642856,8.3000000000000002e-08
pairwise,659,128,62.973193290287,8.3999999999999998e-08
pairwise,660,128,66.244671533048489,8.3000000000000002e-08
pairwise,661,128,63.284328101905523,8.3000000000000002e-08
pairwise,662,128,64.993778184701497,8.3999999999999998e-08
pairwise,663,128,64.77106904138742,8.3000000000000002e-08
pairwise,664,128,61.610449239444335,1.2499999999999999e-07
pairwise,665,128,67.921196749824887,1.2499999999999999e-07
pairwise,666,128,61.035077352350456,1.2499999999999999e-07
pairwise,667,128,60.220993899742354,1.2499999999999999e-07
pairwise,668,128,68.581236248716749,1.2499999999999999e-07
pairwise,669,128,63.72686133949292,1.2499999999999999e-07
pairwise,670,128,64.295625436879504,1.2499999999999999e-07
pairwise,671,128,60.564251120785897,1.2499999999999999e-07
pairwise,672,128,62.887693408305701,1.2499999999999999e-07
pairwise,673,128,61.532605244853102,1.2499999999999999e-07
pairwise,674,128,66.145553796475951,1.2499999999999999e-07
pairwise,675,128,66.905980224958569,1.2499999999999999e-07
pairwise,676,128,66.009830865435248,1.2499999999999999e-07
pairwise,677,128,66.904594433007773,1.2499999999999999e-07
pairwise,678,128,66.68981710979007,1.2499999999999999e-07
pairwise,679,128,57.307009351208052,1.2499999999999999e-07
pairwise,680,128,63.545135088945557,8.3999999999999998e-08
pairwise,681,128,65.342541324807826,8.3000000000000002e-08
pairwise,682,128,66.830553057656743,8.3000000000000002e-08
pairwise,683,128,60.207828673811619,8.3999999999999998e-08
pairwise,684,128,60.365693296760966,8.3000000000000002e-08
pairwise,685,128,65.191364234641981,8.3000000000000002e-08
pairwise,686,128,63.719709030351176,8.3999999999999998e-08
pairwise,687,128,63.239680044703093,8.3000000000000002e-08
pairwise,688,128,59.091995538593814,8.3000000000000002e-08
pairwise,689,128,70.449436784185664,8.3999999999999998e-08
pairwise,690,128,64.412966125168282,8.3000000000000002e-08
pairwise,691,128,64.699278338360017,4.1000000000000003e-08
pairwise,692,128,60.637727474077934,8.3999999999999998e-08
pairwise,693,128,62.616240894614322,8.3000000000000002e-08
pairwise,694,128,64.87863069658988,8.3000000000000002e-08
pairwise,695,128,61.898538655584346,8.3999999999999998e-08
pairwise,696,128,66.989606281104528,1.2499999999999999e-07
pairwise,697,128,64.16517550620847,1.2499999999999999e-07
pairwise,698,128,61.387119235311168,1.2499999999999999e-07
pairwise,699,128,67.321194817797533,1.2499999999999999e-07
pairwise,700,128,64.382060531533071,1.2499999999999999e-07
pairwise,701,128,60.844743588542258,1.2499999999999999e-07
pairwise,702,128,60.448056818847562,1.2499999999999999e-07
pairwise,703,128,63.056986732534455,1.2499999999999999e-07
pairwise,704,128,65.122749318115325,1.2499999999999999e-07
pairwise,705,128,64.983059665725293,1.2499999999999999e-07
pairwise,706,128,67.829487078181685,1.2499999999999999e-07
pairwise,707,128,67.543584982297617,1.2499999999999999e-07
pairwise,708,128,67.56701774634503,1.2499999999999999e-07
pairwise,709,128,66.551735529304509,1.2499999999999999e-07
pairwise,710,128,63.658505768157376,1.2499999999999999e-07
pairwise,711,128,62.558446277737119,1.2499999999999999e-07
pairwise,712,128,60.910873570007631,1.2499999999999999e-07
pairwise,713,128,63.837649678167949,8.3000000000000002e-08
pairwise,714,128,63.929437664392879,8.3000000000000002e-08
pairwise,715,128,56.742651467837497,8.3999999999999998e-08
pairwise,716,128,64.119149076948588,8.3000000000000002e-08
pairwise,717,128,63.148676944351081,8.3000000000000002e-08
pairwise,718,128,67.899125029523816,8.3999999999999998e-08
pairwise,719,128,59.231661170142893,8.3000000000000002e-08
pairwise,720,128,66.598570363117844,8.3000000000000002e-08
pairwise,721,128,63.829659075530202,8.3999999999999998e-08
pairwise,722,128,66.465832411495356,8.3000000000000002e-08
pairwise,723,128,62.456334544005777,8.3000000000000002e-08
pairwise,724,128,58.319185948718996,8.3999999999999998e-08
pairwise,725,128,65.62487510131642,8.3000000000000002e-08
pairwise,726,128,64.806198239740596,8.3000000000000002e-08
pairwise,727,128,63.182673396237448,8.3999999999999998e-08
pairwise,728,128,63.423251956887462,1.2499999999999999e-07
pairwise,729,128,65.372780300691431,1.2499999999999999e-07
pairwise,730,128,65.467648669346119,1.2499999999999999e-07
pairwise,731,128,63.485635172591607,1.2499999999999999e-07
pairwise,732,128,64.856335055337695,2.0900000000000001e-07
pairwise,733,128,62.080411992274094,1.2499999999999999e-07
pairwise,734,128,74.021531753918822,1.2499999999999999e-07
pairwise,735,128,62.844076253398846,1.2499999999999999e-07
pairwise,736,128,64.890192971075152,1.2499999999999999e-07
pairwise,737,128,60.641512984478709,1.2499999999999999e-07
pairwise,738,128,63.244126718869225,1.2499999999999999e-07
pairwise,739,128,61.870300160119541,1.2499999999999999e-07
pairwise,740,128,64.393680041471384,1.2499999999999999e-07
pairwise,741,128,57.664711623554076,1.2499999999999999e-07
pairwise,742,128,68.289252962365296,1.2499999999999999e-07
pairwise,743,128,65.653478585577403,1.2499999999999999e-07
pairwise,744,128,63.94208113525719,8.3000000000000002e-08
pairwise,745,128,67.643879763906028,8.3000000000000002e-08
pairwise,746,128,64.736731925098994,8.3999999999999998e-08
pairwise,747,128,62.868837243425446,8.3000000000000002e-08
pairwise,748,128,66.42798628404276,8.3000000000000002e-08
pairwise,749,128,60.452656567766553,8.3999999999999998e-08
pairwise,750,128,63.899915231605405,8.3000000000000002e-08
pairwise,751,128,66.130763217245118,8.3000000000000002e-08
pairwise,752,128,55.995166060356752,8.3000000000000002e-08
pairwise,753,128,61.729802305718479,8.3999999999999998e-08
pairwise,754,128,64.326017998286545,8.3000000000000002e-08
pairwise,755,128,66.888203115571116,8.3000000000000002e-08
pairwise,756,128,65.418362211090965,8.3999999999999998e-08
pairwise,757,128,67.641774782586126,8.3000000000000002e-08
pairwise,758,128,62.155482907796838,1.2499999999999999e-07
pairwise,759,128,64.300323264706648,1.2499999999999999e-07
pairwise,760,128,64.154009456790703,1.2499999999999999e-07
pairwise,761,128,61.232034816255435,1.2499999999999999e-07
pairwise,762,128,69.081758923010355,1.2499999999999999e-07
pairwise,763,128,59.789356732919011,1.2499999999999999e-07
pairwise,764,128,67.307388683952396,1.2499999999999999e-07
pairwise,765,128,66.379529829656121,1.2499999999999999e-07
pairwise,766,128,66.654730666846717,1.2499999999999999e-07
pairwise,767,128,63.17151601862296,1.2499999999999999e-07
pairwise,768,128,69.113841174655136,1.2499999999999999e-07
pairwise,769,128,66.80332236721766,1.2499999999999999e-07
pairwise,770,128,63.010265559916796,1.2499999999999999e-07
pairwise,771,128,68.295427661228459,1.2499999999999999e-07
pairwise,772,128,64.416870723325673,1.2499999999999999e-07
pairwise,773,128,66.421634708479814,1.2499999999999999e-07
pairwise,774,128,64.167520302343064,1.2499999999999999e-07
pairwise,775,128,66.862513713452614,1.2499999999999999e-07
pairwise,776,128,66.115774735142026,1.2499999999999999e-07
pairwise,777,128,62.108745832522118,8.3000000000000002e-08
pairwise,778,128,64.406805249092116,8.3000000000000002e-08
pairwise,779,128,62.417036084220854,8.3999999999999998e-08
pairwise,780,128,64.643118027823775,8.3000000000000002e-08
pairwise,781,128,60.903284179009724,8.3000000000000002e-08
pairwise,782,128,66.639682398160318,8.3999999999999998e-08
pairwise,783,128,61.763152723421641,8.3000000000000002e-08
pairwise,784,128,66.276288628865387,8.3000000000000002e-08
pairwise,785,128,65.553414074628606,8.3999999999999998e-08
pairwise,786,128,62.611198200925536,8.3000000000000002e-08
pairwise,787,128,66.591369941801744,8.3000000000000002e-08
pairwise,788,128,59.295836791133794,8.3999999999999998e-08
pairwise,789,128,61.561937153080351,8.3000000000000002e-08
pairwise,790,128,64.700692755069525,8.3000000000000002e-08
pairwise,791,128,55.169465213967925,8.3999999999999998e-08
pairwise,792,128,58.063847207038442,8.3000000000000002e-08
pairwise,793,128,61.564958545144854,8.3000000000000002e-08
pairwise,794,128,63.48964698296983,8.3999999999999998e-08
pairwise,795,128,65.017904119425779,1.2499999999999999e-07
pairwise,796,128,67.181993522435789,1.2499999999999999e-07
pairwise,797,128,64.584895230053263,1.2499999999999999e-07
pairwise,798,128,63.483564702629792,1.2499999999999999e-07
pairwise,799,128,63.64335153343162,1.2499999999999999e-07
pairwise,800,128,66.34394631317771,1.2499999999999999e-07
pairwise,801,128,64.777051810171955,1.2499999999999999e-07
pairwise,802,128,64.13476481397403,1.2499999999999999e-07
pairwise,803,128,61.841041808009336,1.2499999999999999e-07
pairwise,804,128,69.048462025337059,1.2499999999999999e-07
pairwise,805,128,58.310380034738841,1.2499999999999999e-07
pairwise,806,128,63.175802769813572,1.2499999999999999e-07
pairwise,807,128,64.575251909986946,1.2499999999999999e-07
pairwise,808,128,59.794082777745487,1.2499999999999999e-07
pairwise,809,128,64.684525571389756,1.2499999999999999e-07
pairwise,810,128,58.262434143435712,1.2499999999999999e-07
pairwise,811,128,64.066232161640301,1.2499999999999999e-07
pairwise,812,128,61.908387888757161,8.3000000000000002e-08
pairwise,813,128,62.418723664105158,8.3000000000000002e-08
pairwise,814,128,65.014267939777085,8.3999999999999998e-08
pairwise,815,128,67.270175302883047,8.3000000000000002e-08
pairwise,816,128,65.495296106718357,8.3000000000000002e-08
pairwise,817,128,66.98193997770926,8.3999999999999998e-08
pairwise,818,128,68.279434245267851,8.3000000000000002e-08
pairwise,819,128,59.14409912557764,8.3000000000000002e-08
pairwise,820,128,63.540409942484942,8.3999999999999998e-08
pairwise,821,128,62.844573227770994,8.3000000000000002e-08
pairwise,822,128,62.852273768234667,8.3000000000000002e-08
pairwise,823,128,64.456403231553836,8.3999999999999998e-08
pairwise,824,128,66.365324265475493,8.3000000000000002e-08
pairwise,825,128,61.411182874310583,8.3000000000000002e-08
pairwise,826,128,57.386866198245528,8.3999999999999998e-08
pairwise,827,128,64.906042564072408,8.3000000000000002e-08
pairwise,828,128,66.557971770339648,8.3000000000000002e-08
pairwise,829,128,62.620623958123502,1.2499999999999999e-07
pairwise,830,128,61.45760639808357,8.3000000000000002e-08
pairwise,831,128,65.128450865855882,8.3999999999999998e-08
pairwise,832,128,66.566248745425725,8.3000000000000002e-08
pairwise,833,128,65.629425078171977,8.3000000000000002e-08
pairwise,834,128,55.141052430948953,8.3999999999999998e-08
pairwise,835,128,62.372591996535661,8.3000000000000002e-08
pairwise,836,128,65.801625714425057,8.3000000000000002e-08
pairwise,837,128,63.77020440080436,8.3999999999999998e-08
pairwise,838,128,61.299008008218486,8.3000000000000002e-08
pairwise,839,128,61.087753773616356,8.3000000000000002e-08
pairwise,840,128,62.790684762826558,8.3999999999999998e-08
pairwise,841,128,61.586969430422741,8.3000000000000002e-08
pairwise,842,128,68.978822809895561,1.2499999999999999e-07
pairwise,843,128,65.521696752131206,1.2499999999999999e-07
pairwise,844,128,74.862035094420889,1.2499999999999999e-07
pairwise,845,128,64.299605011761599,1.2499999999999999e-07
pairwise,846,128,63.011825791561336,1.2499999999999999e-07
pairwise,847,128,64.873458930848358,1.2499999999999999e-07
pairwise,848,128,57.434900278126094,1.2499999999999999e-07
pairwise,849,128,63.605621421499421,1.2499999999999999e-07
pairwise,850,128,60.68327223026224,1.2499999999999999e-07
pairwise,851,128,63.987482334236816,1.2499999999999999e-07
pairwise,852,128,65.658269755175297,1.2499999999999999e-07
pairwise,853,128,64.031533146450073,1.2499999999999999e-07
pairwise,854,128,62.34071880669029,1.2499999999999999e-07
pairwise,855,128,62.823301062267063,1.2499999999999999e-07
pairwise,856,128,60.826200887665919,1.2499999999999999e-07
pairwise,857,128,61.787274503394833,1.2499999999999999e-07
pairwise,858,128,63.713544584537445,1.2499999999999999e-07
pairwise,859,128,61.435774852822341,1.2499999999999999e-07
pairwise,860,128,61.16032537953437,1.2499999999999999e-07
pairwise,861,128,65.430525457157557,1.2499999999999999e-07
pairwise,862,128,63.894142896999028,1.2499999999999999e-07
pairwise,863,128,60.79341055122633,1.2499999999999999e-07
pairwise,864,128,57.141927591337428,8.3000000000000002e-08
pairwise,865,128,61.708358468252712,1.2499999999999999e-07
pairwise,866,128,59.784320404904335,1.2499999999999999e-07
pairwise,867,128,64.477321103831812,1.2499999999999999e-07
pairwise,868,128,62.403360830999233,1.2499999999999999e-07
pairwise,869,128,56.170029344961989,8.3999999999999998e-08
pairwise,870,128,67.106272715508538,8.3000000000000002e-08
pairwise,871,128,65.171693734011356,8.3000000000000002e-08
pairwise,872,128,63.483295931899391,8.3999999999999998e-08
pairwise,873,128,65.978999144405236,8.3000000000000002e-08
pairwise,874,128,69.061851861533512,1.2499999999999999e-07
pairwise,875,128,59.218047682507418,1.2499999999999999e-07
pairwise,876,128,65.136440439008538,1.2499999999999999e-07
pairwise,877,128,65.109575268558316,1.2499999999999999e-07
pairwise,878,128,63.494846359578609,1.2499999999999999e-07
pairwise,879,128,62.610624463797969,1.2499999999999999e-07
pairwise,880,128,62.392295545030755,1.2499999999999999e-07
pairwise,881,128,62.225336069887234,1.2499999999999999e-07
pairwise,882,128,61.603797147142288,1.2499999999999999e-07
pairwise,883,128,63.374598421962624,1.2499999999999999e-07
pairwise,884,128,63.436211709899723,1.2499999999999999e-07
pairwise,885,128,54.851195620003935,1.2499999999999999e-07
pairwise,886,128,64.067949196493316,1.2499999999999999e-07
pairwise,887,128,67.854770844754057,8.3000000000000002e-08
pairwise,888,128,67.172985995534987,8.3000000000000002e-08
pairwise,889,128,62.353374059288242,8.3999999999999998e-08
pairwise,890,128,71.778069674092407,8.3000000000000002e-08
pairwise,891,128,61.375892777404601,8.3000000000000002e-08
pairwise,892,128,61.277218488260601,8.3999999999999998e-08
pairwise,893,128,58.32346711228417,8.3000000000000002e-08
pairwise,894,128,63.288419843651582,8.3000000000000002e-08
pairwise,895,128,64.028807123441354,8.3999999999999998e-08
pairwise,896,128,68.770626678116273,8.3000000000000002e-08
pairwise,897,128,68.765466683418254,8.3000000000000002e-08
pairwise,898,128,63.276691968071248,8.3999999999999998e-08
pairwise,899,128,62.727839268045116,8.3000000000000002e-08
pairwise,900,128,65.251989162650091,8.3000000000000002e-08
pairwise,901,128,69.155258189894511,8.3999999999999998e-08
pairwise,902,128,68.253195003750847,1.2499999999999999e-07
pairwise,903,128,59.476753259386641,1.2499999999999999e-07
pairwise,904,128,58.236038703662651,1.2499999999999999e-07
pairwise,905,128,64.407705981417749,1.2499999999999999e-07
pairwise,906,128,70.965760617323923,1.2499999999999999e-07
pairwise,907,128,59.348769127397247,1.2499999999999999e-07
pairwise,908,128,66.230862469174539,1.2499999999999999e-07
pairwise,909,128,66.38868035189175,1.2499999999999999e-07
pairwise,910,128,63.549676594514978,1.2499999999999999e-07
pairwise,911,128,62.710681250882622,1.2499999999999999e-07
pairwise,912,128,68.522132488608037,1.2499999999999999e-07
pairwise,913,128,58.458637982467607,1.2499999999999999e-07
pairwise,914,128,61.166689903875543,1.2499999999999999e-07
pairwise,915,128,69.146035034537817,1.2499999999999999e-07
pairwise,916,128,65.778603013074957,1.2499999999999999e-07
pairwise,917,128,64.234989505864831,1.2499999999999999e-07
pairwise,918,128,66.800433639016745,1.2499999999999999e-07
pairwise,919,128,62.115330537252589,1.2499999999999999e-07
pairwise,920,128,64.028988597429816,1.2499999999999999e-07
pairwise,921,128,61.518689013063565,1.2499999999999999e-07
pairwise,922,128,60.568148772693817,1.2499999999999999e-07
pairwise,923,128,64.094690606878345,1.2499999999999999e-07
pairwise,924,128,62.541883097747217,1.2499999999999999e-07
pairwise,925,128,67.16161721677193,1.2499999999999999e-07
pairwise,926,128,63.620921951651837,1.2499999999999999e-07
pairwise,927,128,64.392242721968117,1.2499999999999999e-07
pairwise,928,128,66.041407687469487,1.2499999999999999e-07
pairwise,929,128,60.092349113416716,1.2499999999999999e-07
pairwise,930,128,61.862944406774226,1.2499999999999999e-07
pairwise,931,128,61.51844823832819,1.2499999999999999e-07
pairwise,932,128,64.913136883507548,1.2499999999999999e-07
pairwise,933,128,59.972379013803646,1.2499999999999999e-07
pairwise,934,128,69.294212213314765,1.2499999999999999e-07
pairwise,935,128,62.003856404225232,1.2499999999999999e-07
pairwise,936,128,62.226008688583704,1.2499999999999999e-07
pairwise,937,128,62.619236101717291,8.3000000000000002e-08
pairwise,938,128,62.608411799810384,8.3000000000000002e-08
pairwise,939,128,64.417901286786417,8.3999999999999998e-08
pairwise,940,128,66.941177551182065,8.3000000000000002e-08
pairwise,941,128,62.846605472952596,8.3000000000000002e-08
pairwise,942,128,63.398178643899385,8.3999999999999998e-08
pairwise,943,128,71.056970084246984,8.3000000000000002e-08
pairwise,944,128,61.567127503889274,8.3000000000000002e-08
pairwise,945,128,65.51033410639819,8.3999999999999998e-08
pairwise,946,128,64.338752045485691,8.3000000000000002e-08
pairwise,947,128,64.567831330847213,8.3000000000000002e-08
pairwise,948,128,62.927555841701476,8.3999999999999998e-08
pairwise,949,128,64.682670120018713,8.3000000000000002e-08
pairwise,950,128,61.151230577795616,8.3000000000000002e-08
pairwise,951,128,73.252850381176074,8.3999999999999998e-08
pairwise,952,128,63.630483918401154,8.3000000000000002e-08
pairwise,953,128,63.976185628511246,8.3000000000000002e-08
pairwise,954,128,66.049867241820863,8.3999999999999998e-08
pairwise,955,128,59.423358937056015,1.2499999999999999e-07
pairwise,956,128,62.059846832859989,1.2499999999999999e-07
pairwise,957,128,60.813441600023438,1.2499999999999999e-07
pairwise,958,128,58.506739092223114,1.2499999999999999e-07
pairwise,959,128,65.770783565950879,1.2499999999999999e-07
pairwise,960,128,68.589693990460901,1.2499999999999999e-07
pairwise,961,128,63.367336018318014,1.2499999999999999e-07
pairwise,962,128,66.516703493080627,1.2499999999999999e-07
pairwise,963,128,63.277332245791854,1.2499999999999999e-07
pairwise,964,128,62.576018208935551,1.2499999999999999e-07
pairwise,965,128,64.272167116177101,1.2499999999999999e-07
pairwise,966,128,62.788957880490855,1.2499999999999999e-07
pairwise,967,128,59.878293658732247,1.2499999999999999e-07
pairwise,968,128,64.563273970290069,1.2499999999999999e-07
pairwise,969,128,67.077308368182571,1.2499999999999999e-07
pairwise,970,128,64.120827614742609,1.2499999999999999e-07
pairwise,971,128,62.479996823262162,1.2499999999999999e-07
pairwise,972,128,66.347196144391788,8.3000000000000002e-08
pairwise,973,128,66.01786087177436,8.3000000000000002e-08
pairwise,974,128,64.463422402530369,8.3999999999999998e-08
pairwise,975,128,64.659786222517852,8.3000000000000002e-08
pairwise,976,128,68.564933953527671,8.3000000000000002e-08
pairwise,977,128,73.700076783004221,8.3999999999999998e-08
pairwise,978,128,66.556759789170982,8.3000000000000002e-08
pairwise,979,128,63.31364366068847,8.3000000000000002e-08
pairwise,980,128,63.993052988570412,8.3999999999999998e-08
pairwise,981,128,66.119401399216741,8.3000000000000002e-08
pairwise,982,128,62.98728831945914,8.3000000000000002e-08
pairwise,983,128,67.172692150739465,8.3999999999999998e-08
pairwise,984,128,70.526108047109545,8.3000000000000002e-08
pairwise,985,128,64.803731288803419,8.3000000000000002e-08
pairwise,986,128,64.92476061544636,8.3999999999999998e-08
pairwise,987,128,62.919764225187663,1.2499999999999999e-07
pairwise,988,128,66.328463739794046,1.2499999999999999e-07
pairwise,989,128,67.77425801178984,1.2499999999999999e-07
pairwise,990,128,61.026801478101319,1.2499999999999999e-07
pairwise,991,128,61.332182989175656,1.2499999999999999e-07
pairwise,992,128,56.853098350601172,1.2499999999999999e-07
pairwise,993,128,58.429802159876388,8.3000000000000002e-08
pairwise,994,128,61.348551688859963,1.2499999999999999e-07
pairwise,995,128,68.971740656535019,1.2499999999999999e-07
pairwise,996,128,59.031368409768376,1.2499999999999999e-07
pairwise,997,128,58.723261000721216,8.3999999999999998e-08
pairwise,998,128,69.400730793575548,8.3000000000000002e-08
pairwise,999,128,60.088232509384071,8.3000000000000002e-08
pairwise,1000,128,61.045324839226822,8.3999999999999998e-08
pairwise,1001,128,66.244563832721894,8.3000000000000002e-08
pairwise,1002,128,67.929530550490497,1.2499999999999999e-07
pairwise,1003,128,64.827612361561052,1.2499999999999999e-07
pairwise,1004,128,66.666127606364171,1.2499999999999999e-07
pairwise,1005,128,65.768036231054197,1.2499999999999999e-07
pairwise,1006,128,66.583858879640005,1.2499999999999999e-07
pairwise,1007,128,63.179449942528137,1.2499999999999999e-07
pairwise,1008,128,63.393055550627182,1.2499999999999999e-07
pairwise,1009,128,63.04810298166359,1.2499999999999999e-07
pairwise,1010,128,63.899033700324303,1.2499999999999999e-07
pairwise,1011,128,67.373913451902538,1.2499999999999999e-07
pairwise,1012,128,71.6851728431418,8.3999999999999998e-08
pairwise,1013,128,70.016901050975918,1.2499999999999999e-07
pairwise,1014,128,67.94567445485788,8.3000000000000002e-08
pairwise,1015,128,63.216939976112016,8.3999999999999998e-08
pairwise,1016,128,65.232662029418321,8.3000000000000002e-08
pairwise,1017,128,62.841901600494069,8.3000000000000002e-08
pairwise,1018,128,61.330964084108899,8.3999999999999998e-08
pairwise,1019,128,66.915615223190372,8.3000000000000002e-08
pairwise,1020,128,67.576967605656534,8.3000000000000002e-08
pairwise,1021,128,55.367178195268096,8.3999999999999998e-08
pairwise,1022,128,64.509678827949401,8.3000000000000002e-08
pairwise,1023,128,62.570618950837243,8.3000000000000002e-08
pairwise,1024,128,69.724340305909735,1.2499999999999999e-07
armadillo,1,128,66.113326137543993,2.4999999999999999e-07
armadillo,2,128,63.892852846880558,4.1999999999999999e-08
armadillo,3,128,62.2462864349746,2.0900000000000001e-07
armadillo,4,128,63.007237011864675,2.0900000000000001e-07
armadillo,5,128,65.24348905248111,4.1999999999999999e-08
armadillo,6,128,65.560907929904985,8.3000000000000002e-08
armadillo,7,128,65.294495519222238,4.1999999999999999e-08
armadillo,8,128,64.249899742130239,8.3999999999999998e-08
armadillo,9,128,65.161057192732514,4.1999999999999999e-08
armadillo,10,128,66.568774636136823,8.3000000000000002e-08
armadillo,11,128,62.070279473522149,4.1000000000000003e-08
armadillo,12,128,61.68919399097588,8.3999999999999998e-08
armadillo,13,128,63.188548089090844,4.1999999999999999e-08
armadillo,14,128,69.704393368439042,1.2499999999999999e-07
armadillo,15,128,60.589696251227736,4.1999999999999999e-08
armadillo,16,128,59.628251746957801,8.3000000000000002e-08
armadillo,17,128,65.525915401084305,4.1000000000000003e-08
armadillo,18,128,67.357960900088571,8.3000000000000002e-08
armadillo,19,128,60.048811421066489,4.1999999999999999e-08
armadillo,20,128,66.872221889175677,4.1999999999999999e-08
armadillo,21,128,61.352030722927253,4.1000000000000003e-08
armadillo,22,128,60.167476873893222,8.3000000000000002e-08
armadillo,23,128,62.6620537739391,4.1999999999999999e-08
armadillo,24,128,62.627768368822132,8.3999999999999998e-08
armadillo,25,128,64.659479395748036,4.1999999999999999e-08
armadillo,26,128,64.268548788110593,4.1000000000000003e-08
armadillo,27,128,65.783081990496328,4.1999999999999999e-08
armadillo,28,128,59.996691612139045,8.3999999999999998e-08
armadillo,29,128,68.375408647852311,4.1999999999999999e-08
armadillo,30,128,65.165132415121462,8.3000000000000002e-08
armadillo,31,128,60.10891090677525,4.1000000000000003e-08
armadillo,32,128,66.094694747285828,4.1999999999999999e-08
armadillo,33,128,63.187230902110514,8.3999999999999998e-08
armadillo,34,128,63.047360860204961,8.3000000000000002e-08
armadillo,35,128,64.088807589480226,4.1000000000000003e-08
armadillo,36,128,64.496034994260242,8.3000000000000002e-08
armadillo,37,128,66.309491763474242,8.3999999999999998e-08
armadillo,38,128,64.527774490311529,4.1999999999999999e-08
armadillo,39,128,63.291935650442241,8.3000000000000002e-08
armadillo,40,128,60.61962006551768,8.3000000000000002e-08
armadillo,41,128,64.639171182409868,4.1999999999999999e-08
armadillo,42,128,71.979441550321923,4.1999999999999999e-08
armadillo,43,128,65.185707457935649,8.3000000000000002e-08
armadillo,44,128,66.253936734506851,4.1000000000000003e-08
armadillo,45,128,66.84015109678343,4.1999999999999999e-08
armadillo,46,128,60.503631358189452,8.3999999999999998e-08
armadillo,47,128,67.152391502344685,4.1999999999999999e-08
armadillo,48,128,66.002197006453116,4.1000000000000003e-08
armadillo,49,128,62.326401050023165,8.3000000000000002e-08
armadillo,50,128,59.087965644319667,4.1999999999999999e-08
armadillo,51,128,61.091602789207158,8.3999999999999998e-08
armadillo,52,128,60.062018974148657,4.1999999999999999e-08
armadillo,53,128,63.377865367811069,4.1000000000000003e-08
armadillo,54,128,63.56792575611064,8.3000000000000002e-08
armadillo,55,128,71.085128036418041,4.1999999999999999e-08
armadillo,56,128,62.003669568948069,8.3999999999999998e-08
armadillo,57,128,70.129337461292309,4.1999999999999999e-08
armadillo,58,128,59.562647627815551,8.3000000000000002e-08
armadillo,59,128,59.007689320597535,4.1999999999999999e-08
armadillo,60,128,58.686035913033621,8.3999999999999998e-08
armadillo,61,128,74.05319159366698,4.1999999999999999e-08
armadillo,62,128,67.075170684156859,8.3000000000000002e-08
armadillo,63,128,62.896027117479385,4.1000000000000003e-08
armadillo,64,128,63.445172382227931,8.3000000000000002e-08
armadillo,65,128,65.424340698492401,4.1999999999999999e-08
armadillo,66,128,66.745915295990002,8.3000000000000002e-08
armadillo,67,128,65.665610690144348,4.1000000000000003e-08
armadillo,68,128,63.397140980668624,8.3000000000000002e-08
armadillo,69,128,66.711765980278159,4.1999999999999999e-08
armadillo,70,128,64.17146929264392,1.2499999999999999e-07
armadillo,71,128,58.89107041422109,1.2499999999999999e-07
armadillo,72,128,68.547198660810224,4.1999999999999999e-08
armadillo,73,128,60.18605962476186,8.3000000000000002e-08
armadillo,74,128,56.748301741883552,4.1000000000000003e-08
armadillo,75,128,63.855172930592623,8.3000000000000002e-08
armadillo,76,128,60.897751422031156,4.1999999999999999e-08
armadillo,77,128,69.272318515352495,8.3000000000000002e-08
armadillo,78,128,65.235980202745822,4.1000000000000003e-08
armadillo,79,128,64.31855137458848,8.3000000000000002e-08
armadillo,80,128,61.1281317478647,4.1999999999999999e-08
armadillo,81,128,65.431359274897616,8.3999999999999998e-08
armadillo,82,128,63.96236622863097,0
armadillo,83,128,62.65457807571201,8.3000000000000002e-08
armadillo,84,128,60.325988506065627,4.1999999999999999e-08
armadillo,85,128,63.168382035925532,8.3999999999999998e-08
armadillo,86,128,63.567272506331854,4.1999999999999999e-08
armadillo,87,128,64.955239806871845,8.3000000000000002e-08
armadillo,88,128,64.313868417633643,0
armadillo,89,128,65.953148215248845,8.3999999999999998e-08
armadillo,90,128,68.338600782966665,4.1999999999999999e-08
armadillo,91,128,62.025958260507707,8.3000000000000002e-08
armadillo,92,128,65.286189115737017,4.1000000000000003e-08
armadillo,93,128,66.105711568452051,8.3000000000000002e-08
armadillo,94,128,66.405084834701242,0
armadillo,95,128,65.260499109298806,8.3000000000000002e-08
armadillo,96,128,65.055128165082465,4.1000000000000003e-08
armadillo,97,128,65.827616104849881,8.3000000000000002e-08
armadillo,98,128,66.827672311918207,4.1999999999999999e-08
armadillo,99,128,63.279739986781308,8.3999999999999998e-08
armadillo,100,128,61.193029435225483,4.1999999999999999e-08
armadillo,101,128,63.285059996798545,8.3000000000000002e-08
armadillo,102,128,62.986503116370372,4.1999999999999999e-08
armadillo,103,128,61.666950895773965,8.3999999999999998e-08
armadillo,104,128,62.698266907792352,4.1999999999999999e-08
armadillo,105,128,58.262764776800431,8.3000000000000002e-08
armadillo,106,128,64.22879797209427,4.1000000000000003e-08
armadillo,107,128,64.523058175066211,8.3999999999999998e-08
armadillo,108,128,63.28327223098529,4.1999999999999999e-08
armadillo,109,128,65.081105466644757,8.3000000000000002e-08
armadillo,110,128,64.80095051508674,4.1000000000000003e-08
armadillo,111,128,60.045225926856311,8.3000000000000002e-08
armadillo,112,128,70.452535230272275,4.1999999999999999e-08
armadillo,113,128,62.689714342141187,1.2499999999999999e-07
armadillo,114,128,63.759235179214443,4.1000000000000003e-08
armadillo,115,128,60.281032517755648,8.3000000000000002e-08
armadillo,116,128,66.586246408012428,4.1999999999999999e-08
armadillo,117,128,68.481271507583756,8.3999999999999998e-08
armadillo,118,128,62.945267432113468,4.1999999999999999e-08
armadillo,119,128,64.077638698190583,8.3000000000000002e-08
armadillo,120,128,65.078893420361197,4.1999999999999999e-08
armadillo,121,128,61.156399821970965,8.3999999999999998e-08
armadillo,122,128,65.748311277398301,4.1999999999999999e-08
armadillo,123,128,63.104774017990579,8.3000000000000002e-08
armadillo,124,128,63.107407238797606,4.1000000000000003e-08
armadillo,125,128,68.149436945986537,4.1999999999999999e-08
armadillo,126,128,63.184063353190396,4.1999999999999999e-08
armadillo,127,128,67.597298775310946,8.3000000000000002e-08
armadillo,128,128,68.056054471406156,4.1000000000000003e-08
armadillo,129,128,68.223217018266155,8.3000000000000002e-08
armadillo,130,128,60.790150829863151,4.1999999999999999e-08
armadillo,131,128,64.234673526430413,8.3999999999999998e-08
armadillo,132,128,65.707298233160316,4.1000000000000003e-08
armadillo,133,128,59.475741104526612,8.3000000000000002e-08
armadillo,134,128,62.925043029414027,4.1999999999999999e-08
armadillo,135,128,61.440593395135707,8.3999999999999998e-08
armadillo,136,128,63.560111498489263,4.1999999999999999e-08
armadillo,137,128,66.094298894346423,8.3000000000000002e-08
armadillo,138,128,65.931036620774776,4.1999999999999999e-08
armadillo,139,128,60.415136120595406,8.3999999999999998e-08
armadillo,140,128,59.24873457527265,4.1999999999999999e-08
armadillo,141,128,66.786532383292752,8.3000000000000002e-08
armadillo,142,128,60.873747814920925,4.1000000000000003e-08
armadillo,143,128,59.413849873236003,1.2499999999999999e-07
armadillo,144,128,67.488606816801536,4.1999999999999999e-08
armadillo,145,128,62.741145814899241,8.3000000000000002e-08
armadillo,146,128,64.196021825754087,4.1000000000000003e-08
armadillo,147,128,68.668144974468206,8.3000000000000002e-08
armadillo,148,128,66.005362951886298,4.1999999999999999e-08
armadillo,149,128,63.460543881418616,8.3999999999999998e-08
armadillo,150,128,64.874995922485894,0
armadillo,151,128,66.29763884875544,8.3000000000000002e-08
armadillo,152,128,65.874971906272478,4.1999999999999999e-08
armadillo,153,128,60.302188721915556,8.3999999999999998e-08
armadillo,154,128,61.503807040438645,4.1999999999999999e-08
armadillo,155,128,69.948304249805602,8.3000000000000002e-08
armadillo,156,128,61.953572986811153,4.1999999999999999e-08
armadillo,157,128,68.010639076149772,8.3999999999999998e-08
armadillo,158,128,64.257464005668098,4.1999999999999999e-08
armadillo,159,128,62.698919949162061,8.3000000000000002e-08
armadillo,160,128,67.791051061154647,4.1000000000000003e-08
armadillo,161,128,66.706340680505321,8.3000000000000002e-08
armadillo,162,128,57.654089922898748,0
armadillo,163,128,66.853027378314295,8.3000000000000002e-08
armadillo,164,128,65.286737655457273,4.1000000000000003e-08
armadillo,165,128,63.929136478942766,8.3000000000000002e-08
armadillo,166,128,63.831380447629115,4.1999999999999999e-08
armadillo,167,128,61.390925487501995,8.3999999999999998e-08
armadillo,168,128,62.737251447090273,0
armadillo,169,128,65.802177405874843,8.3000000000000002e-08
armadillo,170,128,60.617608768373778,4.1999999999999999e-08
armadillo,171,128,65.694213438887274,8.3999999999999998e-08
armadillo,172,128,65.80830067132203,4.1999999999999999e-08
armadillo,173,128,63.691254099044784,8.3000000000000002e-08
armadillo,174,128,60.667930514372188,4.1999999999999999e-08
armadillo,175,128,67.505086938698639,8.3999999999999998e-08
armadillo,176,128,70.935276659694779,4.1999999999999999e-08
armadillo,177,128,65.595464325803007,8.3000000000000002e-08
armadillo,178,128,66.714210269495624,4.1000000000000003e-08
armadillo,179,128,61.116583146481524,8.3000000000000002e-08
armadillo,180,128,69.236426375993261,0
armadillo,181,128,66.485189590276804,8.3000000000000002e-08
armadillo,182,128,65.483523427483249,4.1000000000000003e-08
armadillo,183,128,66.854920362712079,8.3000000000000002e-08
armadillo,184,128,64.540684894275046,4.1999999999999999e-08
armadillo,185,128,70.750887340804439,8.3999999999999998e-08
armadillo,186,128,59.52242255164218,0
armadillo,187,128,67.157616123448292,8.3000000000000002e-08
armadillo,188,128,69.190283448830954,4.1999999999999999e-08
armadillo,189,128,68.235076483584862,8.3999999999999998e-08
armadillo,190,128,67.622006344759683,4.1999999999999999e-08
armadillo,191,128,58.036397468087301,8.3000000000000002e-08
armadillo,192,128,56.397620613504927,0
armadillo,193,128,62.604560364232327,8.3999999999999998e-08
armadillo,194,128,65.259704682243694,4.1999999999999999e-08
armadillo,195,128,67.974441898910072,8.3000000000000002e-08
armadillo,196,128,65.721268697356663,4.1000000000000003e-08
armadillo,197,128,55.98993930083514,8.3000000000000002e-08
armadillo,198,128,59.463683592375055,0
armadillo,199,128,68.690959155444006,8.3000000000000002e-08
armadillo,200,128,64.985278123360999,4.1000000000000003e-08
armadillo,201,128,60.039839379263597,8.3000000000000002e-08
armadillo,202,128,58.896390083389036,4.1999999999999999e-08
armadillo,203,128,65.421458195747491,8.3999999999999998e-08
armadillo,204,128,64.615660335501474,4.1000000000000003e-08
armadillo,205,128,64.859080495955098,8.3000000000000002e-08
armadillo,206,128,61.187151577890347,4.1999999999999999e-08
armadillo,207,128,63.040924147506757,8.3999999999999998e-08
armadillo,208,128,65.517917600601564,4.1999999999999999e-08
armadillo,209,128,63.968104134005173,1.2499999999999999e-07
armadillo,210,128,67.959835657569286,0
armadillo,211,128,64.267752856460689,8.3999999999999998e-08
armadillo,212,128,64.732892574036129,4.1999999999999999e-08
armadillo,213,128,66.255173836148543,8.3000000000000002e-08
armadillo,214,128,61.469121075619526,4.1000000000000003e-08
armadillo,215,128,64.613826685541341,8.3000000000000002e-08
armadillo,216,128,69.407456640051038,4.1999999999999999e-08
armadillo,217,128,57.194251197327617,4.1999999999999999e-08
armadillo,218,128,63.125210340579208,4.1000000000000003e-08
armadillo,219,128,63.92563619906494,8.3000000000000002e-08
armadillo,220,128,62.416437848157756,4.1999999999999999e-08
armadillo,221,128,62.816735706295233,8.3999999999999998e-08
armadillo,222,128,61.602124989271488,8.3000000000000002e-08
armadillo,223,128,63.079795589357964,4.1000000000000003e-08
armadillo,224,128,60.756498073601236,4.1999999999999999e-08
armadillo,225,128,59.876098102658297,8.3999999999999998e-08
armadillo,226,128,62.138675831552938,4.1999999999999999e-08
armadillo,227,128,66.487868839961664,8.3000000000000002e-08
armadillo,228,128,55.394723816298999,8.3000000000000002e-08
armadillo,229,128,66.265820894277297,8.3999999999999998e-08
armadillo,230,128,63.685070903155555,4.1999999999999999e-08
armadillo,231,128,70.925799477962713,8.3000000000000002e-08
armadillo,232,128,62.392396588638228,4.1000000000000003e-08
armadillo,233,128,61.952858915417075,4.1999999999999999e-08
armadillo,234,128,57.63552958778952,4.1999999999999999e-08
armadillo,235,128,67.435656678771394,8.3000000000000002e-08
armadillo,236,128,54.676633778311256,4.1000000000000003e-08
armadillo,237,128,65.641077565320714,8.3000000000000002e-08
armadillo,238,128,63.751475311112344,4.1999999999999999e-08
armadillo,239,128,66.873544586011462,4.1999999999999999e-08
armadillo,240,128,67.028691728722578,4.1000000000000003e-08
armadillo,241,128,64.309626093487523,8.3000000000000002e-08
armadillo,242,128,65.730236503349005,4.1999999999999999e-08
armadillo,243,128,69.308775467787001,8.3999999999999998e-08
armadillo,244,128,63.58898601388799,4.1999999999999999e-08
armadillo,245,128,66.421310185608689,8.3000000000000002e-08
armadillo,246,128,63.778700269998524,4.1999999999999999e-08
armadillo,247,128,63.529193167857699,8.3999999999999998e-08
armadillo,248,128,64.527609573716802,8.3999999999999998e-08
armadillo,249,128,59.961324906463204,1.2499999999999999e-07
armadillo,250,128,66.697245159117955,8.3999999999999998e-08
armadillo,251,128,60.624981349872826,4.1999999999999999e-08
armadillo,252,128,61.407005810972706,8.3000000000000002e-08
armadillo,253,128,53.129362097770937,4.1000000000000003e-08
armadillo,254,128,60.631617773095783,8.3000000000000002e-08
armadillo,255,128,63.199476848995573,4.1999999999999999e-08
armadillo,256,128,65.827598203261033,8.3000000000000002e-08
armadillo,257,128,65.208659726516331,4.1000000000000003e-08
armadillo,258,128,62.881023094510354,8.3000000000000002e-08
armadillo,259,128,63.168167743071862,4.1999999999999999e-08
armadillo,260,128,64.064457044074558,8.3999999999999998e-08
armadillo,261,128,62.755289704756422,4.1999999999999999e-08
armadillo,262,128,64.060267250983316,4.1000000000000003e-08
armadillo,263,128,64.552846315846438,4.1999999999999999e-08
armadillo,264,128,58.872084544685052,8.3999999999999998e-08
armadillo,265,128,63.140611603830273,4.1999999999999999e-08
armadillo,266,128,63.985622924573519,8.3000000000000002e-08
armadillo,267,128,60.620590831452837,8.3000000000000002e-08
armadillo,268,128,68.823362438729689,8.3999999999999998e-08
armadillo,269,128,63.850865851061286,4.1999999999999999e-08
armadillo,270,128,58.070016497074221,8.3000000000000002e-08
armadillo,271,128,56.50469343097074,4.1000000000000003e-08
armadillo,272,128,70.179548730533696,4.1999999999999999e-08
armadillo,273,128,71.347357937733079,8.3999999999999998e-08
armadillo,274,128,65.926741816067704,4.1999999999999999e-08
armadillo,275,128,69.398923618561739,4.1000000000000003e-08
armadillo,276,128,65.693563332093845,8.3000000000000002e-08
armadillo,277,128,61.075091871725235,4.1999999999999999e-08
armadillo,278,128,67.220972704395209,4.1999999999999999e-08
armadillo,279,128,66.198942463768262,8.3000000000000002e-08
armadillo,280,128,61.252535524301678,4.1000000000000003e-08
armadillo,281,128,67.482280501171914,4.1999999999999999e-08
armadillo,282,128,62.062044068468609,8.3999999999999998e-08
armadillo,283,128,67.649846553957588,4.1999999999999999e-08
armadillo,284,128,65.684925799371825,4.1000000000000003e-08
armadillo,285,128,67.464875984164223,8.3000000000000002e-08
armadillo,286,128,66.280656016243256,8.3999999999999998e-08
armadillo,287,128,63.686443469047077,4.1999999999999999e-08
armadillo,288,128,60.523637057469003,8.3000000000000002e-08
armadillo,289,128,64.907810563606219,8.3000000000000002e-08
armadillo,290,128,67.737192734481695,4.1999999999999999e-08
armadillo,291,128,69.377850563874929,8.3999999999999998e-08
armadillo,292,128,63.238712367001867,4.1999999999999999e-08
armadillo,293,128,63.368312559000913,4.1000000000000003e-08
armadillo,294,128,63.048754754831876,8.3000000000000002e-08
armadillo,295,128,61.173313803803964,8.3999999999999998e-08
armadillo,296,128,62.742415679749776,4.1999999999999999e-08
armadillo,297,128,61.269670245731888,8.3000000000000002e-08
armadillo,298,128,64.77099058293399,4.1000000000000003e-08
armadillo,299,128,69.935992169931708,4.1999999999999999e-08
armadillo,300,128,64.114165936953583,4.1999999999999999e-08
armadillo,301,128,63.077967393584771,8.3000000000000002e-08
armadillo,302,128,63.645337475738245,4.1000000000000003e-08
armadillo,303,128,61.92468231448585,8.3000000000000002e-08
armadillo,304,128,64.067412892414922,4.1999999999999999e-08
armadillo,305,128,69.349955188586733,8.3999999999999998e-08
armadillo,306,128,63.117948828435217,4.1000000000000003e-08
armadillo,307,128,62.291319215477557,8.3000000000000002e-08
armadillo,308,128,58.947779102480332,4.1999999999999999e-08
armadillo,309,128,57.936792756096011,8.3999999999999998e-08
armadillo,310,128,61.884721780541483,4.1999999999999999e-08
armadillo,311,128,63.318033553973287,8.3000000000000002e-08
armadillo,312,128,64.601069402873605,4.1999999999999999e-08
armadillo,313,128,63.720259053357992,8.3999999999999998e-08
armadillo,314,128,63.808964332583933,4.1999999999999999e-08
armadillo,315,128,65.116193722294184,8.3000000000000002e-08
armadillo,316,128,67.187721323611655,4.1000000000000003e-08
armadillo,317,128,62.055219634819096,8.3999999999999998e-08
armadillo,318,128,62.600902881519076,4.1999999999999999e-08
armadillo,319,128,64.09629005618001,8.3000000000000002e-08
armadillo,320,128,66.051669108302718,4.1000000000000003e-08
armadillo,321,128,65.273711678312523,8.3000000000000002e-08
armadillo,322,128,64.174070758200813,4.1999999999999999e-08
armadillo,323,128,64.037929116118647,8.3000000000000002e-08
armadillo,324,128,60.951167604938959,4.1000000000000003e-08
armadillo,325,128,65.649988080634259,8.3000000000000002e-08
armadillo,326,128,62.098187876217914,4.1999999999999999e-08
armadillo,327,128,62.804110364592717,8.3999999999999998e-08
armadillo,328,128,63.027446728305691,4.1999999999999999e-08
armadillo,329,128,63.184479395051127,8.3000000000000002e-08
armadillo,330,128,63.577174663245266,4.1999999999999999e-08
armadillo,331,128,66.437493909974108,8.3999999999999998e-08
armadillo,332,128,68.393818172137912,4.1999999999999999e-08
armadillo,333,128,65.130894209169355,8.3000000000000002e-08
armadillo,334,128,69.74282313560559,0
armadillo,335,128,57.495169113314837,8.3999999999999998e-08
armadillo,336,128,64.188689972810209,4.1999999999999999e-08
armadillo,337,128,62.778805839486822,8.3000000000000002e-08
armadillo,338,128,59.154296542677585,4.1000000000000003e-08
armadillo,339,128,64.584857450652663,8.3000000000000002e-08
armadillo,340,128,68.04989956188021,4.1999999999999999e-08
armadillo,341,128,58.647228484005353,1.2499999999999999e-07
armadillo,342,128,59.297308552783363,4.1000000000000003e-08
armadillo,343,128,61.065270095032218,8.3000000000000002e-08
armadillo,344,128,67.068343567638138,4.1999999999999999e-08
armadillo,345,128,65.410599870848529,8.3999999999999998e-08
armadillo,346,128,62.542728044601333,4.1999999999999999e-08
armadillo,347,128,65.469479997573046,8.3000000000000002e-08
armadillo,348,128,61.50624055018767,4.1999999999999999e-08
armadillo,349,128,69.685494997839157,8.3999999999999998e-08
armadillo,350,128,64.278136977471405,4.1999999999999999e-08
armadillo,351,128,60.238631027694318,8.3000000000000002e-08
armadillo,352,128,67.620190330555701,0
armadillo,353,128,62.986661721963863,1.2499999999999999e-07
armadillo,354,128,66.723569290749197,0
armadillo,355,128,69.219798728132474,8.3000000000000002e-08
armadillo,356,128,62.573019727036765,4.1000000000000003e-08
armadillo,357,128,59.345709212650128,8.3000000000000002e-08
armadillo,358,128,65.664819832212942,4.1999999999999999e-08
armadillo,359,128,56.946039925162623,8.3999999999999998e-08
armadillo,360,128,69.369720618632485,4.1000000000000003e-08
armadillo,361,128,69.672732074275814,8.3000000000000002e-08
armadillo,362,128,60.459047348091715,4.1999999999999999e-08
armadillo,363,128,63.98039790984501,8.3999999999999998e-08
armadillo,364,128,60.704412706016356,4.1999999999999999e-08
armadillo,365,128,65.160258652973738,1.2499999999999999e-07
armadillo,366,128,65.370209894574799,4.1999999999999999e-08
armadillo,367,128,62.081793108958472,8.3999999999999998e-08
armadillo,368,128,66.076830574972064,4.1999999999999999e-08
armadillo,369,128,68.514969306721127,8.3000000000000002e-08
armadillo,370,128,63.453589847345256,4.1000000000000003e-08
armadillo,371,128,66.879432850032629,8.3000000000000002e-08
armadillo,372,128,67.772012679903568,0
armadillo,373,128,63.044253319992563,8.3000000000000002e-08
armadillo,374,128,64.806788939124061,4.1000000000000003e-08
armadillo,375,128,67.935549771057538,8.3000000000000002e-08
armadillo,376,128,65.669049138712765,4.1999999999999999e-08
armadillo,377,128,66.699340358807035,8.3999999999999998e-08
armadillo,378,128,69.729446355043734,0
armadillo,379,128,62.983379384285207,8.3000000000000002e-08
armadillo,380,128,65.608273003504166,4.1999999999999999e-08
armadillo,381,128,63.838608974870724,8.3999999999999998e-08
armadillo,382,128,62.287767036454596,4.1999999999999999e-08
armadillo,383,128,63.461565380584126,8.3000000000000002e-08
armadillo,384,128,63.027263979323173,1.2499999999999999e-07
armadillo,385,128,67.819858808307885,4.1999999999999999e-08
armadillo,386,128,62.772055437377787,8.3999999999999998e-08
armadillo,387,128,63.342140973471203,0
armadillo,388,128,62.968218054517791,8.3000000000000002e-08
armadillo,389,128,56.608120686799339,4.1999999999999999e-08
armadillo,390,128,64.176075886729237,8.3999999999999998e-08
armadillo,391,128,60.752612333114655,4.1999999999999999e-08
armadillo,392,128,69.082486018025548,8.3000000000000002e-08
armadillo,393,128,69.265463228102078,4.1999999999999999e-08
armadillo,394,128,62.795085204746684,8.3999999999999998e-08
armadillo,395,128,67.490327213013401,4.1999999999999999e-08
armadillo,396,128,71.696415744579312,8.3000000000000002e-08
armadillo,397,128,59.422476422669817,4.1000000000000003e-08
armadillo,398,128,65.054831043128303,8.3000000000000002e-08
armadillo,399,128,64.903268158809226,4.1999999999999999e-08
armadillo,400,128,64.687653407494622,8.3000000000000002e-08
armadillo,401,128,59.608399210631269,4.1000000000000003e-08
armadillo,402,128,66.45019388478562,8.3000000000000002e-08
armadillo,403,128,63.269664690303671,4.1999999999999999e-08
armadillo,404,128,63.63227080422368,4.1999999999999999e-08
armadillo,405,128,65.702922057084464,4.1000000000000003e-08
armadillo,406,128,69.697289726413061,8.3000000000000002e-08
armadillo,407,128,68.502662424255831,4.1999999999999999e-08
armadillo,408,128,62.662091262974684,8.3999999999999998e-08
armadillo,409,128,60.406616269987602,4.1999999999999999e-08
armadillo,410,128,62.797959854937119,4.1000000000000003e-08
armadillo,411,128,62.093893418572378,4.1999999999999999e-08
armadillo,412,128,59.391134523933431,8.3999999999999998e-08
armadillo,413,128,64.308527419638494,4.1999999999999999e-08
armadillo,414,128,62.803599654411528,8.3000000000000002e-08
armadillo,415,128,59.111758676611402,8.3000000000000002e-08
armadillo,416,128,64.710846187179087,8.3999999999999998e-08
armadillo,417,128,63.023972985546564,4.1999999999999999e-08
armadillo,418,128,64.299774173653205,8.3000000000000002e-08
armadillo,419,128,68.24258342277983,4.1000000000000003e-08
armadillo,420,128,64.09475045449156,8.3000000000000002e-08
armadillo,421,128,65.110924157730153,8.3999999999999998e-08
armadillo,422,128,68.021953358319706,4.1999999999999999e-08
armadillo,423,128,58.617419258455996,4.1000000000000003e-08
armadillo,424,128,70.214671183087859,8.3000000000000002e-08
armadillo,425,128,67.510785698102666,4.1999999999999999e-08
armadillo,426,128,64.489730815440083,4.1999999999999999e-08
armadillo,427,128,59.428183094276427,8.3000000000000002e-08
armadillo,428,128,63.273063720692519,8.3000000000000002e-08
armadillo,429,128,59.68111092353368,4.1999999999999999e-08
armadillo,430,128,60.789681940213903,8.3999999999999998e-08
armadillo,431,128,66.122818549687793,4.1999999999999999e-08
armadillo,432,128,62.197431456127717,4.1000000000000003e-08
armadillo,433,128,69.92534282513158,8.3000000000000002e-08
armadillo,434,128,68.230281380374535,8.3999999999999998e-08
armadillo,435,128,66.613231912028425,4.1999999999999999e-08
armadillo,436,128,60.579037437338556,8.3000000000000002e-08
armadillo,437,128,69.457029239490254,8.3000000000000002e-08
armadillo,438,128,63.837860178384886,4.1999999999999999e-08
armadillo,439,128,60.468888213636717,4.1999999999999999e-08
armadillo,440,128,66.360207158296816,8.3000000000000002e-08
armadillo,441,128,64.089331018751921,4.1000000000000003e-08
armadillo,442,128,64.675935496505033,4.1999999999999999e-08
armadillo,443,128,65.980385582622489,8.3999999999999998e-08
armadillo,444,128,64.347400544824239,4.1999999999999999e-08
armadillo,445,128,62.047541422810518,4.1000000000000003e-08
armadillo,446,128,59.642308680247652,8.3000000000000002e-08
armadillo,447,128,60.455914348985154,4.1999999999999999e-08
armadillo,448,128,69.796691950788613,4.1999999999999999e-08
armadillo,449,128,65.241502318616284,8.3000000000000002e-08
armadillo,450,128,65.351144170292514,4.1000000000000003e-08
armadillo,451,128,62.017792504931073,8.3000000000000002e-08
armadillo,452,128,66.022409967780874,8.3999999999999998e-08
armadillo,453,128,64.744622442652528,8.3000000000000002e-08
armadillo,454,128,64.673020488665358,4.1000000000000003e-08
armadillo,455,128,58.421911611394911,8.3000000000000002e-08
armadillo,456,128,62.160952483807655,4.1999999999999999e-08
armadillo,457,128,64.344502814571399,4.1999999999999999e-08
armadillo,458,128,62.460400796688823,8.3000000000000002e-08
armadillo,459,128,62.783792163728222,8.3000000000000002e-08
armadillo,460,128,69.061165006870596,4.1999999999999999e-08
armadillo,461,128,62.35544319376497,8.3999999999999998e-08
armadillo,462,128,60.446420325649697,4.1999999999999999e-08
armadillo,463,128,68.009263691690407,4.1000000000000003e-08
armadillo,464,128,53.983438671015911,4.1999999999999999e-08
armadillo,465,128,65.634187535011051,8.3999999999999998e-08
armadillo,466,128,63.908108224730753,4.1999999999999999e-08
armadillo,467,128,67.95533474602388,8.3000000000000002e-08
armadillo,468,128,66.900710259862592,4.1000000000000003e-08
armadillo,469,128,66.787104219955523,8.3000000000000002e-08
armadillo,470,128,58.717334765291824,4.1999999999999999e-08
armadillo,471,128,67.284767435465568,8.3000000000000002e-08
armadillo,472,128,63.325271273846525,4.1000000000000003e-08
armadillo,473,128,66.533024139006386,8.3000000000000002e-08
armadillo,474,128,63.207205376171913,4.1999999999999999e-08
armadillo,475,128,61.342147631179294,4.1999999999999999e-08
armadillo,476,128,62.586907352610268,4.1000000000000003e-08
armadillo,477,128,69.556614689640924,8.3000000000000002e-08
armadillo,478,128,60.026142728272376,4.1999999999999999e-08
armadillo,479,128,60.782340770703996,8.3999999999999998e-08
armadillo,480,128,63.304624769795247,4.1999999999999999e-08
armadillo,481,128,63.840373941296789,1.2499999999999999e-07
armadillo,482,128,62.963228473766293,4.1999999999999999e-08
armadillo,483,128,68.578248786293472,8.3999999999999998e-08
armadillo,484,128,61.572350297576797,4.1999999999999999e-08
armadillo,485,128,63.655724439241823,8.3000000000000002e-08
armadillo,486,128,64.064437123990842,4.1000000000000003e-08
armadillo,487,128,66.861124382287883,1.2499999999999999e-07
armadillo,488,128,68.467615324997439,4.1999999999999999e-08
armadillo,489,128,70.222255993155898,8.3000000000000002e-08
armadillo,490,128,64.589239768548168,4.1000000000000003e-08
armadillo,491,128,64.5348222953955,8.3000000000000002e-08
armadillo,492,128,69.139525138177731,4.1999999999999999e-08
armadillo,493,128,60.946538396406176,1.2499999999999999e-07
armadillo,494,128,63.08283243318813,4.1000000000000003e-08
armadillo,495,128,64.399250387410632,8.3000000000000002e-08
armadillo,496,128,65.317408583961367,4.1999999999999999e-08
armadillo,497,128,66.760690682777721,8.3999999999999998e-08
armadillo,498,128,60.137109356336218,4.1999999999999999e-08
armadillo,499,128,69.400211057051393,8.3000000000000002e-08
armadillo,500,128,61.051044855121177,0
armadillo,501,128,65.194965390160917,8.3999999999999998e-08
armadillo,502,128,61.063017761279788,4.1999999999999999e-08
armadillo,503,128,70.208603513669232,8.3000000000000002e-08
armadillo,504,128,63.617062556313357,4.1000000000000003e-08
armadillo,505,128,62.161211697418068,8.3000000000000002e-08
armadillo,506,128,62.269978495858709,4.1999999999999999e-08
armadillo,507,128,61.333090416881035,8.3000000000000002e-08
armadillo,508,128,72.753526868675635,4.1000000000000003e-08
armadillo,509,128,63.777940850771117,8.3000000000000002e-08
armadillo,510,128,63.089517633433189,4.1999999999999999e-08
armadillo,511,128,64.612916392786119,1.2499999999999999e-07
armadillo,512,128,67.87132797552421,4.1000000000000003e-08
armadillo,513,128,63.638236468798816,8.3000000000000002e-08
armadillo,514,128,63.357053814776066,4.1999999999999999e-08
armadillo,515,128,68.257451632636929,8.3999999999999998e-08
armadillo,516,128,55.94374110225877,4.1999999999999999e-08
armadillo,517,128,62.442888406928944,8.3000000000000002e-08
armadillo,518,128,63.804588583077212,0
armadillo,519,128,63.680510149520366,8.3999999999999998e-08
armadillo,520,128,63.880577491896638,4.1999999999999999e-08
armadillo,521,128,67.645992186890368,8.3000000000000002e-08
armadillo,522,128,67.597872293546089,4.1000000000000003e-08
armadillo,523,128,64.364006076411712,8.3000000000000002e-08
armadillo,524,128,66.84566924849517,0
armadillo,525,128,64.836351072664712,8.3000000000000002e-08
armadillo,526,128,63.939037322045365,4.1000000000000003e-08
armadillo,527,128,60.570028531832591,8.3000000000000002e-08
armadillo,528,128,68.410645921877659,4.1999999999999999e-08
armadillo,529,128,60.989704426777436,8.3999999999999998e-08
armadillo,530,128,60.643180306863542,4.1999999999999999e-08
armadillo,531,128,65.976427172597795,1.2499999999999999e-07
armadillo,532,128,64.212129167695394,4.1999999999999999e-08
armadillo,533,128,66.489394533179109,8.3999999999999998e-08
armadillo,534,128,58.910370624427046,4.1999999999999999e-08
armadillo,535,128,66.447070965483192,8.3000000000000002e-08
armadillo,536,128,62.418736567160082,4.1000000000000003e-08
armadillo,537,128,65.97009376461682,1.2499999999999999e-07
armadillo,538,128,67.671062513822449,4.1999999999999999e-08
armadillo,539,128,64.199821938453113,8.3000000000000002e-08
armadillo,540,128,69.46539453840785,4.1000000000000003e-08
armadillo,541,128,63.010486961695406,8.3000000000000002e-08
armadillo,542,128,58.041312924024353,4.1999999999999999e-08
armadillo,543,128,61.898699728066099,8.3000000000000002e-08
armadillo,544,128,63.400595063756249,4.1000000000000003e-08
armadillo,545,128,70.839217092252042,8.3000000000000002e-08
armadillo,546,128,60.930070803742069,4.1999999999999999e-08
armadillo,547,128,65.242186753481363,8.3999999999999998e-08
armadillo,548,128,60.562108857773055,4.1999999999999999e-08
armadillo,549,128,62.839725916886259,8.3000000000000002e-08
armadillo,550,128,61.654780158125554,4.1999999999999999e-08
armadillo,551,128,64.044654258861115,8.3999999999999998e-08
armadillo,552,128,64.83445841090554,4.1999999999999999e-08
armadillo,553,128,60.481137907431176,8.3000000000000002e-08
armadillo,554,128,60.739182990396408,4.1000000000000003e-08
armadillo,555,128,64.981080653319097,8.3000000000000002e-08
armadillo,556,128,66.218369504570859,4.1999999999999999e-08
armadillo,557,128,67.92861008627537,8.3000000000000002e-08
armadillo,558,128,62.784266670749787,4.1000000000000003e-08
armadillo,559,128,65.795696002920238,8.3000000000000002e-08
armadillo,560,128,68.227570047319574,4.1999999999999999e-08
armadillo,561,128,63.094787713118407,1.2499999999999999e-07
armadillo,562,128,65.550801098927082,0
armadillo,563,128,64.569882661777768,8.3000000000000002e-08
armadillo,564,128,64.863508278795081,4.1999999999999999e-08
armadillo,565,128,61.807226086879567,8.3999999999999998e-08
armadillo,566,128,62.568387496408874,4.1999999999999999e-08
armadillo,567,128,66.158973371664345,8.3000000000000002e-08
armadillo,568,128,66.206949519622484,0
armadillo,569,128,63.479223440131769,8.3999999999999998e-08
armadillo,570,128,67.082180057392989,4.1999999999999999e-08
armadillo,571,128,64.857302324214473,8.3000000000000002e-08
armadillo,572,128,66.277166931520426,4.1000000000000003e-08
armadillo,573,128,63.501743189252849,8.3000000000000002e-08
armadillo,574,128,67.252487319352355,0
armadillo,575,128,61.21979267227465,8.3000000000000002e-08
armadillo,576,128,63.647615927664837,4.1000000000000003e-08
armadillo,577,128,59.776081158711143,8.3000000000000002e-08
armadillo,578,128,57.989782112665054,4.1999999999999999e-08
armadillo,579,128,62.165894282258662,8.3999999999999998e-08
armadillo,580,128,64.672066822179985,4.1999999999999999e-08
armadillo,581,128,61.913765696735197,8.3000000000000002e-08
armadillo,582,128,61.279535527227431,4.1999999999999999e-08
armadillo,583,128,63.256402622539838,8.3999999999999998e-08
armadillo,584,128,65.431440490167518,4.1999999999999999e-08
armadillo,585,128,55.746012926816597,8.3000000000000002e-08
armadillo,586,128,66.186667642232621,4.1000000000000003e-08
armadillo,587,128,67.415229170755197,8.3999999999999998e-08
armadillo,588,128,56.46684187221738,4.1999999999999999e-08
armadillo,589,128,63.591154659443276,8.3000000000000002e-08
armadillo,590,128,62.057370854810472,4.1000000000000003e-08
armadillo,591,128,66.183176120268044,8.3000000000000002e-08
armadillo,592,128,62.095661381496804,0
armadillo,593,128,62.055695321904189,1.2499999999999999e-07
armadillo,594,128,62.527064547561366,0
armadillo,595,128,73.454915854329215,8.3000000000000002e-08
armadillo,596,128,66.204543134950143,8.3999999999999998e-08
armadillo,597,128,63.223729750920945,4.1999999999999999e-08
armadillo,598,128,73.346576755869521,8.3000000000000002e-08
armadillo,599,128,67.491762638059328,4.1000000000000003e-08
armadillo,600,128,59.568256464346533,8.3000000000000002e-08
armadillo,601,128,67.945721069799475,0
armadillo,602,128,63.519366413939863,8.3000000000000002e-08
armadillo,603,128,57.83618258521885,4.1000000000000003e-08
armadillo,604,128,55.495728036920866,8.3000000000000002e-08
armadillo,605,128,65.976287109243543,4.1999999999999999e-08
armadillo,606,128,63.959742508904171,8.3999999999999998e-08
armadillo,607,128,63.408623799193336,0
armadillo,608,128,59.731944018429594,8.3000000000000002e-08
armadillo,609,128,60.506875176332343,4.1999999999999999e-08
armadillo,610,128,63.325021973621418,8.3999999999999998e-08
armadillo,611,128,61.33172580102584,4.1999999999999999e-08
armadillo,612,128,69.780875762437972,8.3000000000000002e-08
armadillo,613,128,63.719892983544582,4.1000000000000003e-08
armadillo,614,128,62.962554060264452,8.3999999999999998e-08
armadillo,615,128,66.385629438658498,4.1999999999999999e-08
armadillo,616,128,66.450214952541998,8.3000000000000002e-08
armadillo,617,128,61.520038574665676,4.1000000000000003e-08
armadillo,618,128,62.545641012028057,8.3000000000000002e-08
armadillo,619,128,62.326631382997029,8.3999999999999998e-08
armadillo,620,128,67.389649837186937,8.3000000000000002e-08
armadillo,621,128,68.121520867013942,4.1000000000000003e-08
armadillo,622,128,64.608908911254858,8.3000000000000002e-08
armadillo,623,128,66.535634068102851,4.1999999999999999e-08
armadillo,624,128,64.111759932289985,8.3999999999999998e-08
armadillo,625,128,62.402242543987597,8.3000000000000002e-08
armadillo,626,128,66.083357679533606,4.1000000000000003e-08
armadillo,627,128,65.237627316995969,4.1999999999999999e-08
armadillo,628,128,69.210554996129702,8.3999999999999998e-08
armadillo,629,128,62.472030154241253,4.1999999999999999e-08
armadillo,630,128,64.299927555548294,4.1000000000000003e-08
armadillo,631,128,64.890358899036769,8.3000000000000002e-08
armadillo,632,128,59.195879949650426,8.3999999999999998e-08
armadillo,633,128,62.317617195722427,4.1999999999999999e-08
armadillo,634,128,62.693142068710202,8.3000000000000002e-08
armadillo,635,128,62.830769563530041,4.1000000000000003e-08
armadillo,636,128,61.093635503623759,4.1999999999999999e-08
armadillo,637,128,67.220221760705314,4.1999999999999999e-08
armadillo,638,128,58.052342262208398,8.3000000000000002e-08
armadillo,639,128,58.742478467348967,4.1000000000000003e-08
armadillo,640,128,64.475738881265698,8.3000000000000002e-08
armadillo,641,128,63.561120631088237,4.1999999999999999e-08
armadillo,642,128,65.151401157012842,4.1999999999999999e-08
armadillo,643,128,60.002251847496638,8.3000000000000002e-08
armadillo,644,128,65.410497484762857,8.3000000000000002e-08
armadillo,645,128,64.039209171006121,4.1999999999999999e-08
armadillo,646,128,70.41186309860089,8.3999999999999998e-08
armadillo,647,128,62.337046235790503,8.3000000000000002e-08
armadillo,648,128,66.581324094250419,4.1000000000000003e-08
armadillo,649,128,62.175255099123618,4.1999999999999999e-08
armadillo,650,128,62.54697721507948,8.3999999999999998e-08
armadillo,651,128,61.344463744852504,4.1999999999999999e-08
armadillo,652,128,66.103304271690902,4.1000000000000003e-08
armadillo,653,128,66.064522759082521,8.3000000000000002e-08
armadillo,654,128,65.375830509873609,4.1999999999999999e-08
armadillo,655,128,63.826491658798929,4.1999999999999999e-08
armadillo,656,128,67.435155492926043,8.3000000000000002e-08
armadillo,657,128,67.574320154757672,4.1000000000000003e-08
armadillo,658,128,62.520537718642856,4.1999999999999999e-08
armadillo,659,128,62.973193290287014,8.3999999999999998e-08
armadillo,660,128,66.244671533048503,8.3000000000000002e-08
armadillo,661,128,63.284328101905544,4.1000000000000003e-08
armadillo,662,128,64.993778184701483,8.3000000000000002e-08
armadillo,663,128,64.77106904138742,8.3999999999999998e-08
armadillo,664,128,61.610449239444357,4.1999999999999999e-08
armadillo,665,128,67.921196749824873,4.1000000000000003e-08
armadillo,666,128,61.035077352350456,8.3000000000000002e-08
armadillo,667,128,60.220993899742354,4.1999999999999999e-08
armadillo,668,128,68.581236248716749,8.3999999999999998e-08
armadillo,669,128,63.726861339492899,8.3000000000000002e-08
armadillo,670,128,64.295625436879504,4.1000000000000003e-08
armadillo,671,128,60.564251120785897,4.1999999999999999e-08
armadillo,672,128,62.887693408305701,8.3999999999999998e-08
armadillo,673,128,61.532605244853116,4.1999999999999999e-08
armadillo,674,128,66.145553796475951,4.1000000000000003e-08
armadillo,675,128,66.905980224958597,8.3000000000000002e-08
armadillo,676,128,66.009830865435276,4.1999999999999999e-08
armadillo,677,128,66.904594433007787,4.1999999999999999e-08
armadillo,678,128,66.689817109790084,8.3000000000000002e-08
armadillo,679,128,57.307009351208052,4.1000000000000003e-08
armadillo,680,128,63.545135088945557,4.1999999999999999e-08
armadillo,681,128,65.342541324807826,8.3999999999999998e-08
armadillo,682,128,66.830553057656729,1.2499999999999999e-07
armadillo,683,128,60.207828673811605,4.1999999999999999e-08
armadillo,684,128,60.365693296760959,8.3000000000000002e-08
armadillo,685,128,65.191364234641981,4.1000000000000003e-08
armadillo,686,128,63.719709030351169,8.3000000000000002e-08
armadillo,687,128,63.239680044703093,4.1999999999999999e-08
armadillo,688,128,59.091995538593814,8.3000000000000002e-08
armadillo,689,128,70.449436784185664,4.1000000000000003e-08
armadillo,690,128,64.412966125168253,8.3000000000000002e-08
armadillo,691,128,64.699278338360031,4.1999999999999999e-08
armadillo,692,128,60.637727474077941,8.3999999999999998e-08
armadillo,693,128,62.616240894614322,4.1999999999999999e-08
armadillo,694,128,64.878630696589866,4.1000000000000003e-08
armadillo,695,128,61.898538655584332,4.1999999999999999e-08
armadillo,696,128,66.989606281104543,8.3999999999999998e-08
armadillo,697,128,64.16517550620847,4.1999999999999999e-08
armadillo,698,128,61.387119235311175,8.3000000000000002e-08
armadillo,699,128,67.321194817797519,8.3000000000000002e-08
armadillo,700,128,64.382060531533071,8.3999999999999998e-08
armadillo,701,128,60.844743588542258,4.1999999999999999e-08
armadillo,702,128,60.448056818847562,8.3000000000000002e-08
armadillo,703,128,63.056986732534455,4.1000000000000003e-08
armadillo,704,128,65.122749318115325,8.3000000000000002e-08
armadillo,705,128,64.983059665725264,8.3999999999999998e-08
armadillo,706,128,67.8294870781817,4.1999999999999999e-08
armadillo,707,128,67.543584982297617,4.1000000000000003e-08
armadillo,708,128,67.567017746345044,8.3000000000000002e-08
armadillo,709,128,66.551735529304523,4.1999999999999999e-08
armadillo,710,128,63.658505768157376,4.1999999999999999e-08
armadillo,711,128,62.558446277737126,8.3000000000000002e-08
armadillo,712,128,60.910873570007652,4.1000000000000003e-08
armadillo,713,128,63.837649678167935,4.1999999999999999e-08
armadillo,714,128,63.929437664392886,8.3999999999999998e-08
armadillo,715,128,56.742651467837476,4.1999999999999999e-08
armadillo,716,128,64.119149076948588,4.1000000000000003e-08
armadillo,717,128,63.148676944351081,8.3000000000000002e-08
armadillo,718,128,67.899125029523816,8.3999999999999998e-08
armadillo,719,128,59.231661170142893,4.1999999999999999e-08
armadillo,720,128,66.598570363117858,8.3000000000000002e-08
armadillo,721,128,63.829659075530188,8.3000000000000002e-08
armadillo,722,128,66.46583241149537,4.1999999999999999e-08
armadillo,723,128,62.456334544005763,8.3999999999999998e-08
armadillo,724,128,58.319185948718982,4.1999999999999999e-08
armadillo,725,128,65.624875101316434,4.1000000000000003e-08
armadillo,726,128,64.80619823974061,8.3000000000000002e-08
armadillo,727,128,63.18267339623744,8.3999999999999998e-08
armadillo,728,128,63.423251956887455,4.1999999999999999e-08
armadillo,729,128,65.372780300691431,8.3000000000000002e-08
armadillo,730,128,65.467648669346147,8.3000000000000002e-08
armadillo,731,128,63.4856351725916,4.1999999999999999e-08
armadillo,732,128,64.856335055337695,4.1999999999999999e-08
armadillo,733,128,62.080411992274094,8.3000000000000002e-08
armadillo,734,128,74.021531753918822,4.1000000000000003e-08
armadillo,735,128,62.844076253398839,4.1999999999999999e-08
armadillo,736,128,64.890192971075152,8.3999999999999998e-08
armadillo,737,128,60.641512984478702,4.1999999999999999e-08
armadillo,738,128,63.244126718869225,4.1000000000000003e-08
armadillo,739,128,61.87030016011952,8.3000000000000002e-08
armadillo,740,128,64.393680041471413,4.1999999999999999e-08
armadillo,741,128,57.664711623554069,8.3999999999999998e-08
armadillo,742,128,68.289252962365282,8.3000000000000002e-08
armadillo,743,128,65.653478585577389,4.1000000000000003e-08
armadillo,744,128,63.942081135257197,4.1999999999999999e-08
armadillo,745,128,67.643879763906,8.3999999999999998e-08
armadillo,746,128,64.736731925098965,4.1999999999999999e-08
armadillo,747,128,62.868837243425446,8.3000000000000002e-08
armadillo,748,128,66.42798628404276,8.3000000000000002e-08
armadillo,749,128,60.452656567766539,8.3999999999999998e-08
armadillo,750,128,63.899915231605398,4.1999999999999999e-08
armadillo,751,128,66.130763217245132,8.3000000000000002e-08
armadillo,752,128,55.995166060356752,4.1000000000000003e-08
armadillo,753,128,61.729802305718479,8.3000000000000002e-08
armadillo,754,128,64.326017998286559,0
armadillo,755,128,66.888203115571116,8.3000000000000002e-08
armadillo,756,128,65.418362211090951,4.1000000000000003e-08
armadillo,757,128,67.64177478258614,8.3000000000000002e-08
armadillo,758,128,62.155482907796845,4.1999999999999999e-08
armadillo,759,128,64.300323264706662,8.3999999999999998e-08
armadillo,760,128,64.154009456790689,4.1000000000000003e-08
armadillo,761,128,61.232034816255421,8.3000000000000002e-08
armadillo,762,128,69.081758923010341,4.1999999999999999e-08
armadillo,763,128,59.789356732919003,8.3999999999999998e-08
armadillo,764,128,67.307388683952396,4.1999999999999999e-08
armadillo,765,128,66.379529829656121,8.3000000000000002e-08
armadillo,766,128,66.654730666846717,4.1999999999999999e-08
armadillo,767,128,63.171516018622953,8.3999999999999998e-08
armadillo,768,128,69.113841174655121,4.1999999999999999e-08
armadillo,769,128,66.803322367217646,8.3000000000000002e-08
armadillo,770,128,63.01026555991681,4.1000000000000003e-08
armadillo,771,128,68.295427661228445,8.3000000000000002e-08
armadillo,772,128,64.416870723325687,4.1999999999999999e-08
armadillo,773,128,66.421634708479814,8.3000000000000002e-08
armadillo,774,128,64.167520302343064,4.1000000000000003e-08
armadillo,775,128,66.862513713452628,8.3000000000000002e-08
armadillo,776,128,66.115774735142026,4.1999999999999999e-08
armadillo,777,128,62.108745832522118,1.2499999999999999e-07
armadillo,778,128,64.406805249092116,4.1000000000000003e-08
armadillo,779,128,62.417036084220854,8.3000000000000002e-08
armadillo,780,128,64.643118027823775,4.1999999999999999e-08
armadillo,781,128,60.903284179009724,8.3999999999999998e-08
armadillo,782,128,66.639682398160332,4.1999999999999999e-08
armadillo,783,128,61.763152723421648,8.3000000000000002e-08
armadillo,784,128,66.276288628865387,4.1999999999999999e-08
armadillo,785,128,65.553414074628591,8.3999999999999998e-08
armadillo,786,128,62.611198200925529,4.1999999999999999e-08
armadillo,787,128,66.59136994180173,8.3000000000000002e-08
armadillo,788,128,59.295836791133809,4.1000000000000003e-08
armadillo,789,128,61.561937153080336,8.3000000000000002e-08
armadillo,790,128,64.700692755069525,0
armadillo,791,128,55.169465213967925,8.3000000000000002e-08
armadillo,792,128,58.063847207038435,4.1000000000000003e-08
armadillo,793,128,61.564958545144847,8.3000000000000002e-08
armadillo,794,128,63.489646982969859,4.1999999999999999e-08
armadillo,795,128,65.017904119425765,8.3999999999999998e-08
armadillo,796,128,67.181993522435789,4.1000000000000003e-08
armadillo,797,128,64.584895230053277,8.3000000000000002e-08
armadillo,798,128,63.483564702629806,4.1999999999999999e-08
armadillo,799,128,63.643351533431613,8.3999999999999998e-08
armadillo,800,128,66.343946313177725,4.1999999999999999e-08
armadillo,801,128,64.77705181017194,1.2499999999999999e-07
armadillo,802,128,64.13476481397403,4.1000000000000003e-08
armadillo,803,128,61.841041808009322,8.3999999999999998e-08
armadillo,804,128,69.048462025337059,4.1999999999999999e-08
armadillo,805,128,58.31038003473882,8.3000000000000002e-08
armadillo,806,128,63.175802769813572,4.1000000000000003e-08
armadillo,807,128,64.575251909986946,8.3000000000000002e-08
armadillo,808,128,59.794082777745487,1.67e-07
armadillo,809,128,64.684525571389798,4.1999999999999999e-08
armadillo,810,128,58.262434143435712,8.3000000000000002e-08
armadillo,811,128,64.066232161640301,4.1000000000000003e-08
armadillo,812,128,61.908387888757161,1.2499999999999999e-07
armadillo,813,128,62.418723664105173,4.1999999999999999e-08
armadillo,814,128,65.014267939777085,8.3000000000000002e-08
armadillo,815,128,67.270175302883075,4.1000000000000003e-08
armadillo,816,128,65.495296106718371,8.3000000000000002e-08
armadillo,817,128,66.981939977709217,4.1999999999999999e-08
armadillo,818,128,68.279434245267865,4.1999999999999999e-08
armadillo,819,128,59.144099125577625,4.1000000000000003e-08
armadillo,820,128,63.540409942484928,1.67e-07
armadillo,821,128,62.844573227771008,8.3999999999999998e-08
armadillo,822,128,62.852273768234653,4.1999999999999999e-08
armadillo,823,128,64.45640323155385,8.3000000000000002e-08
armadillo,824,128,66.365324265475479,4.1999999999999999e-08
armadillo,825,128,61.411182874310576,8.3999999999999998e-08
armadillo,826,128,57.386866198245528,4.1999999999999999e-08
armadillo,827,128,64.906042564072408,8.3000000000000002e-08
armadillo,828,128,66.557971770339662,4.1000000000000003e-08
armadillo,829,128,62.620623958123517,8.3999999999999998e-08
armadillo,830,128,61.45760639808357,4.1999999999999999e-08
armadillo,831,128,65.128450865855854,8.3000000000000002e-08
armadillo,832,128,66.566248745425739,4.1000000000000003e-08
armadillo,833,128,65.629425078171948,8.3000000000000002e-08
armadillo,834,128,55.141052430948974,4.1999999999999999e-08
armadillo,835,128,62.372591996535661,8.3000000000000002e-08
armadillo,836,128,65.801625714425057,4.1000000000000003e-08
armadillo,837,128,63.770204400804346,8.3000000000000002e-08
armadillo,838,128,61.299008008218472,4.1999999999999999e-08
armadillo,839,128,61.087753773616356,8.3999999999999998e-08
armadillo,840,128,62.790684762826572,4.1999999999999999e-08
armadillo,841,128,61.586969430422741,4.1000000000000003e-08
armadillo,842,128,68.978822809895547,4.1999999999999999e-08
armadillo,843,128,65.521696752131206,8.3999999999999998e-08
armadillo,844,128,74.862035094420904,4.1999999999999999e-08
armadillo,845,128,64.299605011761571,8.3000000000000002e-08
armadillo,846,128,63.011825791561336,4.1000000000000003e-08
armadillo,847,128,64.873458930848358,4.1999999999999999e-08
armadillo,848,128,57.434900278126094,4.1999999999999999e-08
armadillo,849,128,63.605621421499414,8.3000000000000002e-08
armadillo,850,128,60.683272230262247,4.1000000000000003e-08
armadillo,851,128,63.987482334236816,8.3000000000000002e-08
armadillo,852,128,65.658269755175283,4.1999999999999999e-08
armadillo,853,128,64.031533146450073,8.3000000000000002e-08
armadillo,854,128,62.340718806690305,4.1000000000000003e-08
armadillo,855,128,62.823301062267049,8.3000000000000002e-08
armadillo,856,128,60.826200887665927,4.1999999999999999e-08
armadillo,857,128,61.787274503394826,8.3999999999999998e-08
armadillo,858,128,63.713544584537445,4.1999999999999999e-08
armadillo,859,128,61.435774852822348,8.3000000000000002e-08
armadillo,860,128,61.160325379534378,4.1999999999999999e-08
armadillo,861,128,65.430525457157572,8.3999999999999998e-08
armadillo,862,128,63.894142896999028,4.1999999999999999e-08
armadillo,863,128,60.79341055122633,8.3000000000000002e-08
armadillo,864,128,57.141927591337435,8.3000000000000002e-08
armadillo,865,128,61.708358468252705,8.3999999999999998e-08
armadillo,866,128,59.784320404904321,4.1999999999999999e-08
armadillo,867,128,64.477321103831798,8.3000000000000002e-08
armadillo,868,128,62.403360830999219,4.1000000000000003e-08
armadillo,869,128,56.170029344961982,8.3000000000000002e-08
armadillo,870,128,67.106272715508538,0
armadillo,871,128,65.171693734011342,8.3000000000000002e-08
armadillo,872,128,63.483295931899399,4.1000000000000003e-08
armadillo,873,128,65.978999144405236,8.3000000000000002e-08
armadillo,874,128,69.061851861533484,4.1999999999999999e-08
armadillo,875,128,59.218047682507432,8.3999999999999998e-08
armadillo,876,128,65.136440439008538,0
armadillo,877,128,65.109575268558331,8.3000000000000002e-08
armadillo,878,128,63.494846359578652,4.1999999999999999e-08
armadillo,879,128,62.610624463797969,8.3999999999999998e-08
armadillo,880,128,62.392295545030763,4.1999999999999999e-08
armadillo,881,128,62.22533606988722,8.3000000000000002e-08
armadillo,882,128,61.603797147142288,4.1000000000000003e-08
armadillo,883,128,63.374598421962617,1.2499999999999999e-07
armadillo,884,128,63.43621170989973,4.1999999999999999e-08
armadillo,885,128,54.851195620003935,8.3000000000000002e-08
armadillo,886,128,64.067949196493331,4.1000000000000003e-08
armadillo,887,128,67.854770844754057,8.3000000000000002e-08
armadillo,888,128,67.172985995535001,4.1999999999999999e-08
armadillo,889,128,62.353374059288249,8.3000000000000002e-08
armadillo,890,128,71.778069674092379,4.1000000000000003e-08
armadillo,891,128,61.375892777404601,8.3000000000000002e-08
armadillo,892,128,61.277218488260608,4.1999999999999999e-08
armadillo,893,128,58.323467112284163,1.2499999999999999e-07
armadillo,894,128,63.288419843651589,8.3000000000000002e-08
armadillo,895,128,64.028807123441325,4.1999999999999999e-08
armadillo,896,128,68.770626678116287,8.3999999999999998e-08
armadillo,897,128,68.765466683418282,4.1999999999999999e-08
armadillo,898,128,63.276691968071255,8.3000000000000002e-08
armadillo,899,128,62.727839268045123,8.3000000000000002e-08
armadillo,900,128,65.251989162650091,4.1999999999999999e-08
armadillo,901,128,69.155258189894525,4.1999999999999999e-08
armadillo,902,128,68.253195003750861,8.3000000000000002e-08
armadillo,903,128,59.476753259386648,4.1000000000000003e-08
armadillo,904,128,58.236038703662658,4.1999999999999999e-08
armadillo,905,128,64.407705981417735,8.3999999999999998e-08
armadillo,906,128,70.965760617323923,8.3000000000000002e-08
armadillo,907,128,59.348769127397254,4.1000000000000003e-08
armadillo,908,128,66.230862469174539,8.3000000000000002e-08
armadillo,909,128,66.388680351891765,4.1999999999999999e-08
armadillo,910,128,63.549676594514963,4.1999999999999999e-08
armadillo,911,128,62.710681250882637,4.1000000000000003e-08
armadillo,912,128,68.522132488608037,8.3000000000000002e-08
armadillo,913,128,58.458637982467607,4.1999999999999999e-08
armadillo,914,128,61.16668990387555,8.3999999999999998e-08
armadillo,915,128,69.146035034537803,4.1999999999999999e-08
armadillo,916,128,65.778603013074971,8.3000000000000002e-08
armadillo,917,128,64.234989505864831,8.3000000000000002e-08
armadillo,918,128,66.800433639016717,8.3999999999999998e-08
armadillo,919,128,62.115330537252618,4.1999999999999999e-08
armadillo,920,128,64.028988597429816,8.3000000000000002e-08
armadillo,921,128,61.518689013063565,4.1000000000000003e-08
armadillo,922,128,60.568148772693803,8.3000000000000002e-08
armadillo,923,128,64.094690606878316,4.1999999999999999e-08
armadillo,924,128,62.541883097747217,8.3000000000000002e-08
armadillo,925,128,67.161617216771958,4.1000000000000003e-08
armadillo,926,128,63.620921951651852,8.3000000000000002e-08
armadillo,927,128,64.392242721968117,4.1999999999999999e-08
armadillo,928,128,66.041407687469501,8.3999999999999998e-08
armadillo,929,128,60.092349113416709,8.3000000000000002e-08
armadillo,930,128,61.862944406774218,8.3000000000000002e-08
armadillo,931,128,61.518448238328176,4.1999999999999999e-08
armadillo,932,128,64.913136883507548,8.3999999999999998e-08
armadillo,933,128,59.972379013803632,4.1999999999999999e-08
armadillo,934,128,69.294212213314751,4.1000000000000003e-08
armadillo,935,128,62.003856404225246,4.1999999999999999e-08
armadillo,936,128,62.226008688583704,8.3999999999999998e-08
armadillo,937,128,62.619236101717306,4.1999999999999999e-08
armadillo,938,128,62.608411799810398,8.3000000000000002e-08
armadillo,939,128,64.417901286786403,4.1000000000000003e-08
armadillo,940,128,66.941177551182051,4.1999999999999999e-08
armadillo,941,128,62.846605472952589,4.1999999999999999e-08
armadillo,942,128,63.398178643899371,8.3000000000000002e-08
armadillo,943,128,71.056970084246984,4.1000000000000003e-08
armadillo,944,128,61.567127503889282,8.3000000000000002e-08
armadillo,945,128,65.510334106398204,4.1999999999999999e-08
armadillo,946,128,64.338752045485691,4.1999999999999999e-08
armadillo,947,128,64.567831330847213,8.3000000000000002e-08
armadillo,948,128,62.927555841701491,8.3000000000000002e-08
armadillo,949,128,64.682670120018727,4.1999999999999999e-08
armadillo,950,128,61.151230577795616,8.3999999999999998e-08
armadillo,951,128,73.252850381176074,8.3000000000000002e-08
armadillo,952,128,63.630483918401168,4.1000000000000003e-08
armadillo,953,128,63.976185628511246,8.3000000000000002e-08
armadillo,954,128,66.049867241820891,8.3999999999999998e-08
armadillo,955,128,59.423358937056037,4.1999999999999999e-08
armadillo,956,128,62.059846832859989,8.3000000000000002e-08
armadillo,957,128,60.813441600023438,8.3000000000000002e-08
armadillo,958,128,58.5067390922231,4.1999999999999999e-08
armadillo,959,128,65.770783565950879,8.3999999999999998e-08
armadillo,960,128,68.589693990460859,8.3000000000000002e-08
armadillo,961,128,63.367336018318014,4.1000000000000003e-08
armadillo,962,128,66.516703493080627,4.1999999999999999e-08
armadillo,963,128,63.277332245791861,8.3999999999999998e-08
armadillo,964,128,62.576018208935551,4.1999999999999999e-08
armadillo,965,128,64.272167116177101,8.3000000000000002e-08
armadillo,966,128,62.788957880490855,4.1000000000000003e-08
armadillo,967,128,59.878293658732233,4.1999999999999999e-08
armadillo,968,128,64.563273970290069,4.1999999999999999e-08
armadillo,969,128,67.077308368182585,8.3000000000000002e-08
armadillo,970,128,64.120827614742609,4.1000000000000003e-08
armadillo,971,128,62.479996823262169,8.3000000000000002e-08
armadillo,972,128,66.347196144391788,8.3999999999999998e-08
armadillo,973,128,66.01786087177436,8.3000000000000002e-08
armadillo,974,128,64.463422402530341,4.1000000000000003e-08
armadillo,975,128,64.65978622251788,8.3000000000000002e-08
armadillo,976,128,68.564933953527671,4.1999999999999999e-08
armadillo,977,128,73.700076783004249,8.3999999999999998e-08
armadillo,978,128,66.556759789170997,4.1999999999999999e-08
armadillo,979,128,63.31364366068847,8.3000000000000002e-08
armadillo,980,128,63.993052988570412,4.1999999999999999e-08
armadillo,981,128,66.119401399216741,8.3999999999999998e-08
armadillo,982,128,62.98728831945914,4.1999999999999999e-08
armadillo,983,128,67.172692150739493,8.3000000000000002e-08
armadillo,984,128,70.526108047109517,4.1999999999999999e-08
armadillo,985,128,64.803731288803405,8.3999999999999998e-08
armadillo,986,128,64.924760615446374,4.1999999999999999e-08
armadillo,987,128,62.919764225187656,8.3000000000000002e-08
armadillo,988,128,66.328463739794046,4.1000000000000003e-08
armadillo,989,128,67.774258011789826,8.3000000000000002e-08
armadillo,990,128,61.026801478101319,4.1999999999999999e-08
armadillo,991,128,61.332182989175649,8.3000000000000002e-08
armadillo,992,128,56.853098350601158,4.1000000000000003e-08
armadillo,993,128,58.429802159876374,1.67e-07
armadillo,994,128,61.34855168885997,1.2499999999999999e-07
armadillo,995,128,68.971740656535019,4.1999999999999999e-08
armadillo,996,128,59.031368409768376,1.2499999999999999e-07
armadillo,997,128,58.723261000721209,4.1000000000000003e-08
armadillo,998,128,69.400730793575576,8.3000000000000002e-08
armadillo,999,128,60.088232509384071,4.1999999999999999e-08
armadillo,1000,128,61.045324839226822,8.3999999999999998e-08
armadillo,1001,128,66.244563832721894,4.1999999999999999e-08
armadillo,1002,128,67.929530550490483,8.3000000000000002e-08
armadillo,1003,128,64.827612361561037,4.1999999999999999e-08
armadillo,1004,128,66.666127606364142,8.3999999999999998e-08
armadillo,1005,128,65.768036231054211,4.1999999999999999e-08
armadillo,1006,128,66.58385887963999,8.3000000000000002e-08
armadillo,1007,128,63.179449942528144,0
armadillo,1008,128,63.393055550627182,8.3999999999999998e-08
armadillo,1009,128,63.048102981663575,4.1999999999999999e-08
armadillo,1010,128,63.899033700324303,8.3000000000000002e-08
armadillo,1011,128,67.373913451902524,4.1000000000000003e-08
armadillo,1012,128,71.685172843141828,8.3000000000000002e-08
armadillo,1013,128,70.016901050975918,8.3999999999999998e-08
armadillo,1014,128,67.94567445485788,4.1999999999999999e-08
armadillo,1015,128,63.21693997611203,4.1000000000000003e-08
armadillo,1016,128,65.232662029418307,8.3000000000000002e-08
armadillo,1017,128,62.841901600494047,4.1999999999999999e-08
armadillo,1018,128,61.330964084108906,8.3999999999999998e-08
armadillo,1019,128,66.915615223190372,4.1999999999999999e-08
armadillo,1020,128,67.576967605656563,8.3000000000000002e-08
armadillo,1021,128,55.367178195268096,4.1999999999999999e-08
armadillo,1022,128,64.509678827949415,8.3999999999999998e-08
armadillo,1023,128,62.570618950837229,4.1999999999999999e-08
armadillo,1024,128,69.72434030590972,8.3000000000000002e-08
kahan,1,512,253.8347206851526,3.1250000000000001e-06
kahan,2,512,262.28366409531816,3.1669999999999999e-06
kahan,3,512,262.15682297437024,3.1250000000000001e-06
kahan,4,512,251.10405720359077,3.1250000000000001e-06
kahan,5,512,254.8456227021457,3.1250000000000001e-06
kahan,6,512,255.76726760483606,3.1250000000000001e-06
kahan,7,512,259.35338998620352,3.1250000000000001e-06
kahan,8,512,262.1536719659465,3.083e-06
kahan,9,512,269.66204303822883,3.1250000000000001e-06
kahan,10,512,243.04590050125486,3.1250000000000001e-06
kahan,11,512,258.15268783267874,3.1250000000000001e-06
kahan,12,512,261.89268444742339,3.1250000000000001e-06
kahan,13,512,258.86185964193618,3.1250000000000001e-06
kahan,14,512,254.73036950734314,3.1659999999999998e-06
kahan,15,512,253.94787360362071,3.1659999999999998e-06
kahan,16,512,260.39457394821846,3.1250000000000001e-06
kahan,17,512,247.87004308459149,3.1659999999999998e-06
kahan,18,512,256.47186443467507,3.1250000000000001e-06
kahan,19,512,265.98370809230755,3.1250000000000001e-06
kahan,20,512,253.58125961920007,3.1250000000000001e-06
kahan,21,512,247.5266532600541,3.1250000000000001e-06
kahan,22,512,252.29679841175167,3.1250000000000001e-06
kahan,23,512,265.7290350131218,3.1669999999999999e-06
kahan,24,512,247.64654215870226,3.1250000000000001e-06
kahan,25,512,261.86103957568668,3.1659999999999998e-06
kahan,26,512,252.91153726692355,3.1250000000000001e-06
kahan,27,512,257.91754233731905,3.1250000000000001e-06
kahan,28,512,250.88279285835347,3.1669999999999999e-06
kahan,29,512,255.02188466742788,3.1250000000000001e-06
kahan,30,512,268.26129519437433,3.1250000000000001e-06
kahan,31,512,261.29071314570609,3.1659999999999998e-06
kahan,32,512,258.05843493257436,3.1250000000000001e-06
kahan,33,512,255.39139149409635,3.1250000000000001e-06
kahan,34,512,255.06314268493861,3.1250000000000001e-06
kahan,35,512,246.8587793074712,3.1659999999999998e-06
kahan,36,512,259.46842713094082,3.1659999999999998e-06
kahan,37,512,257.79458015975376,3.1250000000000001e-06
kahan,38,512,255.77628178605022,3.1659999999999998e-06
kahan,39,512,265.20445989792523,3.1250000000000001e-06
kahan,40,512,250.12409699780525,3.1250000000000001e-06
kahan,41,512,246.53499057206426,3.1250000000000001e-06
kahan,42,512,249.64627759904215,3.1250000000000001e-06
kahan,43,512,246.11031275564105,3.1669999999999999e-06
kahan,44,512,266.59910718305042,3.1669999999999999e-06
kahan,45,512,247.72020454048342,3.1250000000000001e-06
kahan,46,512,259.88690438130561,3.1250000000000001e-06
kahan,47,512,254.3721063723747,3.1250000000000001e-06
kahan,48,512,245.20722944874288,3.1250000000000001e-06
kahan,49,512,261.1564082251042,3.1669999999999999e-06
kahan,50,512,250.59153226753685,3.1669999999999999e-06
kahan,51,512,251.63280756217731,3.1250000000000001e-06
kahan,52,512,258.98703710574171,3.1250000000000001e-06
kahan,53,512,245.556901065663,3.1250000000000001e-06
kahan,54,512,252.87919025498368,3.1250000000000001e-06
kahan,55,512,264.71755903615809,3.1250000000000001e-06
kahan,56,512,247.08152454480467,3.1250000000000001e-06
kahan,57,512,261.59047789793607,3.1250000000000001e-06
kahan,58,512,272.49045599419975,3.1250000000000001e-06
kahan,59,512,253.13563337580607,3.1250000000000001e-06
kahan,60,512,260.01164882976389,3.1250000000000001e-06
kahan,61,512,256.20250154909547,3.1250000000000001e-06
kahan,62,512,259.02269730716313,3.1250000000000001e-06
kahan,63,512,247.19627566157453,3.1669999999999999e-06
kahan,64,512,256.62055917092613,3.1250000000000001e-06
kahan,65,512,245.56496481879356,3.1250000000000001e-06
kahan,66,512,246.93641344309728,3.1250000000000001e-06
kahan,67,512,251.86614385772685,3.1250000000000001e-06
kahan,68,512,270.81589090024443,3.1250000000000001e-06
kahan,69,512,262.29751268826038,3.1250000000000001e-06
kahan,70,512,243.51204156231384,3.1669999999999999e-06
kahan,71,512,261.77619413864761,3.1250000000000001e-06
kahan,72,512,264.65610155181525,3.1250000000000001e-06
kahan,73,512,250.9228154367579,3.1250000000000001e-06
kahan,74,512,264.64053314177215,3.1250000000000001e-06
kahan,75,512,259.56672192538514,3.1659999999999998e-06
kahan,76,512,255.46246085521099,3.1250000000000001e-06
kahan,77,512,256.78209923374254,3.1250000000000001e-06
kahan,78,512,263.4579150224933,3.1250000000000001e-06
kahan,79,512,242.4274509873369,3.1250000000000001e-06
kahan,80,512,259.99108574616804,3.1250000000000001e-06
kahan,81,512,258.43386181765112,3.1250000000000001e-06
kahan,82,512,259.44865988768646,3.1669999999999999e-06
kahan,83,512,261.56889509721674,3.1250000000000001e-06
kahan,84,512,261.05178968601638,3.1250000000000001e-06
kahan,85,512,252.07367968169515,3.1250000000000001e-06
kahan,86,512,251.43261768118396,3.1250000000000001e-06
kahan,87,512,243.99125140276237,3.1250000000000001e-06
kahan,88,512,256.04074022054374,3.1659999999999998e-06
kahan,89,512,258.26221618776526,3.1250000000000001e-06
kahan,90,512,260.12244858012349,3.1250000000000001e-06
kahan,91,512,255.09333521171672,3.1250000000000001e-06
kahan,92,512,254.97410406872174,3.1669999999999999e-06
kahan,93,512,265.6844473205266,3.1669999999999999e-06
kahan,94,512,275.75182793216067,3.1250000000000001e-06
kahan,95,512,265.58892212364441,3.1250000000000001e-06
kahan,96,512,246.5219380661901,3.1250000000000001e-06
kahan,97,512,252.99168229616686,3.1250000000000001e-06
kahan,98,512,260.74823211949951,3.1250000000000001e-06
kahan,99,512,244.49742553768701,3.1250000000000001e-06
kahan,100,512,242.17979190742113,3.1250000000000001e-06
kahan,101,512,252.07287312176109,3.1659999999999998e-06
kahan,102,512,260.03960770827831,3.1250000000000001e-06
kahan,103,512,254.09062089017468,3.1250000000000001e-06
kahan,104,512,259.63483912109484,3.1250000000000001e-06
kahan,105,512,262.07027060176574,3.1250000000000001e-06
kahan,106,512,252.09966485420901,3.1250000000000001e-06
kahan,107,512,267.51874988487867,3.1669999999999999e-06
kahan,108,512,256.38875171661027,3.1250000000000001e-06
kahan,109,512,263.17939979015335,3.1250000000000001e-06
kahan,110,512,257.89373220522288,3.1250000000000001e-06
kahan,111,512,258.83038334857167,3.1669999999999999e-06
kahan,112,512,248.1225754972161,3.1250000000000001e-06
kahan,113,512,241.89893840615497,3.1250000000000001e-06
kahan,114,512,249.22529587257665,3.1669999999999999e-06
kahan,115,512,259.32841440425699,3.1250000000000001e-06
kahan,116,512,262.82467200465095,3.1669999999999999e-06
kahan,117,512,270.32754407421373,3.1669999999999999e-06
kahan,118,512,253.65414406667284,3.1659999999999998e-06
kahan,119,512,268.0560869457737,3.1659999999999998e-06
kahan,120,512,260.01487573611888,3.1250000000000001e-06
kahan,121,512,263.76810880090437,3.1250000000000001e-06
kahan,122,512,249.8551219938179,3.1250000000000001e-06
kahan,123,512,256.80000623316118,3.1250000000000001e-06
kahan,124,512,253.65715838359779,3.1250000000000001e-06
kahan,125,512,257.55458022047435,3.1669999999999999e-06
kahan,126,512,263.10960864143118,3.1250000000000001e-06
kahan,127,512,261.34012208572364,3.1250000000000001e-06
kahan,128,512,259.26452034011271,3.1250000000000001e-06
kahan,129,512,255.47634983095492,3.1250000000000001e-06
kahan,130,512,245.21483497300238,3.1659999999999998e-06
kahan,131,512,254.4253658496734,3.1250000000000001e-06
kahan,132,512,254.10991219347741,3.1250000000000001e-06
kahan,133,512,248.54303874766939,3.1250000000000001e-06
kahan,134,512,253.47544807880601,3.1659999999999998e-06
kahan,135,512,240.78640840268625,3.1250000000000001e-06
kahan,136,512,249.41135566306568,3.1250000000000001e-06
kahan,137,512,249.1777185605697,3.1669999999999999e-06
kahan,138,512,250.62982343148792,3.1250000000000001e-06
kahan,139,512,251.75570817503416,3.1250000000000001e-06
kahan,140,512,258.86595748286277,3.1250000000000001e-06
kahan,141,512,253.15007008583083,3.1250000000000001e-06
kahan,142,512,256.86626613035162,3.083e-06
kahan,143,512,245.94222843789282,3.1250000000000001e-06
kahan,144,512,260.18970489008132,3.1250000000000001e-06
kahan,145,512,244.10310919441247,3.1250000000000001e-06
kahan,146,512,272.33411430377049,3.1250000000000001e-06
kahan,147,512,261.92897665260881,3.1659999999999998e-06
kahan,148,512,264.21396733741028,3.1250000000000001e-06
kahan,149,512,251.21207159983646,3.1250000000000001e-06
kahan,150,512,256.45875882296633,3.1250000000000001e-06
kahan,151,512,251.97608620076002,3.0419999999999998e-06
kahan,152,512,252.59658442887391,3.1669999999999999e-06
kahan,153,512,250.8379933018777,3.1250000000000001e-06
kahan,154,512,256.61999719951439,3.1250000000000001e-06
kahan,155,512,260.12249987892898,3.1250000000000001e-06
kahan,156,512,252.22393228082331,3.1250000000000001e-06
kahan,157,512,254.82853982849261,3.1250000000000001e-06
kahan,158,512,264.91912708995386,3.1250000000000001e-06
kahan,159,512,250.91438794620785,3.1250000000000001e-06
kahan,160,512,250.41301488684547,3.1250000000000001e-06
kahan,161,512,259.59855057093023,3.1250000000000001e-06
kahan,162,512,257.3306453321548,3.1250000000000001e-06
kahan,163,512,259.0187248356612,3.1250000000000001e-06
kahan,164,512,258.72555085369646,3.1250000000000001e-06
kahan,165,512,245.95385225281061,3.1669999999999999e-06
kahan,166,512,258.38652306677119,3.1250000000000001e-06
kahan,167,512,261.11450826490949,3.1250000000000001e-06
kahan,168,512,268.0574366856078,3.1659999999999998e-06
kahan,169,512,250.32038958002983,3.1250000000000001e-06
kahan,170,512,260.3270312711644,3.1250000000000001e-06
kahan,171,512,252.19122552302912,3.1659999999999998e-06
kahan,172,512,257.97359805366443,3.1250000000000001e-06
kahan,173,512,250.33426553231726,3.1250000000000001e-06
kahan,174,512,266.4686501542443,3.1250000000000001e-06
kahan,175,512,266.95448833971591,3.1250000000000001e-06
kahan,176,512,252.5455910248501,3.1669999999999999e-06
kahan,177,512,254.6558831942319,3.1250000000000001e-06
kahan,178,512,248.2984311244561,3.1250000000000001e-06
kahan,179,512,253.53474430878251,3.1250000000000001e-06
kahan,180,512,258.17321944592663,3.1250000000000001e-06
kahan,181,512,247.41279748667381,3.0419999999999998e-06
kahan,182,512,255.14914351765933,3.1250000000000001e-06
kahan,183,512,249.08284728446782,3.1250000000000001e-06
kahan,184,512,249.90022383188204,3.1669999999999999e-06
kahan,185,512,245.35168202745334,3.1250000000000001e-06
kahan,186,512,258.12109940578443,3.1250000000000001e-06
kahan,187,512,254.9774524000039,3.1250000000000001e-06
kahan,188,512,261.2552086231575,3.1250000000000001e-06
kahan,189,512,264.34998086533028,3.1250000000000001e-06
kahan,190,512,257.13667250413613,3.1250000000000001e-06
kahan,191,512,264.60596996969707,3.1669999999999999e-06
kahan,192,512,254.53931056099398,3.1669999999999999e-06
kahan,193,512,262.34126281425011,3.1669999999999999e-06
kahan,194,512,255.9047453392389,3.1669999999999999e-06
kahan,195,512,259.21998390893975,3.084e-06
kahan,196,512,255.3444822650776,3.1659999999999998e-06
kahan,197,512,258.09995308400602,3.1250000000000001e-06
kahan,198,512,257.64987883367178,3.1659999999999998e-06
kahan,199,512,252.37273594273861,3.1659999999999998e-06
kahan,200,512,257.94914307788338,3.1250000000000001e-06
kahan,201,512,245.45603743324503,3.1669999999999999e-06
kahan,202,512,257.26500740641217,3.1250000000000001e-06
kahan,203,512,263.55319673887482,3.1250000000000001e-06
kahan,204,512,260.88837130778353,3.1250000000000001e-06
kahan,205,512,258.41135431654777,3.1250000000000001e-06
kahan,206,512,257.27755669970594,3.1250000000000001e-06
kahan,207,512,265.90162514032448,3.1250000000000001e-06
kahan,208,512,249.53794361991774,3.1250000000000001e-06
kahan,209,512,256.79078983006826,3.1250000000000001e-06
kahan,210,512,251.98313813028628,3.1250000000000001e-06
kahan,211,512,252.28015723294828,3.1250000000000001e-06
kahan,212,512,254.54447047498002,3.1250000000000001e-06
kahan,213,512,265.56892575441009,3.1250000000000001e-06
kahan,214,512,253.85974246014504,3.1250000000000001e-06
kahan,215,512,248.71009249447519,3.1250000000000001e-06
kahan,216,512,256.33258212680016,3.1659999999999998e-06
kahan,217,512,259.54205672069105,3.1250000000000001e-06
kahan,218,512,257.13074088278802,3.1250000000000001e-06
kahan,219,512,246.25753074446226,3.1250000000000001e-06
kahan,220,512,259.48670285122921,3.1250000000000001e-06
kahan,221,512,256.4473669232728,3.1250000000000001e-06
kahan,222,512,256.14470622602391,3.1250000000000001e-06
kahan,223,512,262.56538885053408,3.1669999999999999e-06
kahan,224,512,257.46573594923245,3.1250000000000001e-06
kahan,225,512,254.39626712111024,3.1250000000000001e-06
kahan,226,512,259.65954776357347,3.1250000000000001e-06
kahan,227,512,259.51632695965702,3.1250000000000001e-06
kahan,228,512,266.97675469153739,3.1659999999999998e-06
kahan,229,512,262.18640341809891,3.1250000000000001e-06
kahan,230,512,244.95925983872991,3.1669999999999999e-06
kahan,231,512,259.57448889728499,3.1250000000000001e-06
kahan,232,512,255.51108783737138,3.1250000000000001e-06
kahan,233,512,251.45958634331402,3.1250000000000001e-06
kahan,234,512,247.66871857256012,3.1250000000000001e-06
kahan,235,512,255.24196807940197,3.0419999999999998e-06
kahan,236,512,246.47836855031895,3.1250000000000001e-06
kahan,237,512,260.64410252865247,3.1669999999999999e-06
kahan,238,512,254.36154445070397,3.1250000000000001e-06
kahan,239,512,259.38528352439602,3.1250000000000001e-06
kahan,240,512,265.903096797915,3.1250000000000001e-06
kahan,241,512,271.86168528504942,3.1669999999999999e-06
kahan,242,512,268.42832383819047,3.1250000000000001e-06
kahan,243,512,252.5213658615059,3.1669999999999999e-06
kahan,244,512,258.83538979929369,3.1250000000000001e-06
kahan,245,512,257.6958771975801,3.1250000000000001e-06
kahan,246,512,248.52100548636383,3.1250000000000001e-06
kahan,247,512,250.35880833103789,3.1250000000000001e-06
kahan,248,512,260.02906247652271,3.1659999999999998e-06
kahan,249,512,249.72308548870612,3.1250000000000001e-06
kahan,250,512,251.98381402045976,3.1250000000000001e-06
kahan,251,512,253.91146472397571,3.1669999999999999e-06
kahan,252,512,255.45749100735958,3.1250000000000001e-06
kahan,253,512,256.08494139537652,3.1250000000000001e-06
kahan,254,512,257.25863150288831,3.1250000000000001e-06
kahan,255,512,251.25440027484942,3.1250000000000001e-06
kahan,256,512,262.09500286332934,3.1250000000000001e-06
kahan,257,512,251.12038604123762,3.1250000000000001e-06
kahan,258,512,246.58414755552573,3.1659999999999998e-06
kahan,259,512,260.27619060135771,3.1250000000000001e-06
kahan,260,512,259.62966550370578,3.1250000000000001e-06
kahan,261,512,258.94014468439025,3.1250000000000001e-06
kahan,262,512,255.69440483541092,3.1250000000000001e-06
kahan,263,512,257.66190023497882,3.1669999999999999e-06
kahan,264,512,259.72132610047566,3.1250000000000001e-06
kahan,265,512,247.06689364917639,3.1250000000000001e-06
kahan,266,512,252.63423691374379,3.1250000000000001e-06
kahan,267,512,256.74775441065094,3.1250000000000001e-06
kahan,268,512,266.13560696535194,3.1250000000000001e-06
kahan,269,512,246.52567259588548,3.1250000000000001e-06
kahan,270,512,258.07474065132442,3.1250000000000001e-06
kahan,271,512,246.63044094621395,3.1250000000000001e-06
kahan,272,512,271.68613684606265,3.1250000000000001e-06
kahan,273,512,249.66907442452373,3.1669999999999999e-06
kahan,274,512,255.24904455577564,3.083e-06
kahan,275,512,256.86533200588838,3.1250000000000001e-06
kahan,276,512,259.56742633127845,3.1250000000000001e-06
kahan,277,512,263.35023172004054,3.208e-06
kahan,278,512,256.74220975028106,3.1250000000000001e-06
kahan,279,512,248.8957145957535,3.1669999999999999e-06
kahan,280,512,247.12425701006549,3.1659999999999998e-06
kahan,281,512,245.079561436212,3.1250000000000001e-06
kahan,282,512,265.51736183291183,3.208e-06
kahan,283,512,255.26061675543656,3.1250000000000001e-06
kahan,284,512,261.08351698433097,3.1250000000000001e-06
kahan,285,512,255.55668400934891,3.1669999999999999e-06
kahan,286,512,257.83428337179265,3.1250000000000001e-06
kahan,287,512,268.46656149646748,3.1250000000000001e-06
kahan,288,512,262.781332629205,3.1659999999999998e-06
kahan,289,512,248.82074920999642,3.1659999999999998e-06
kahan,290,512,257.06557624002176,3.1250000000000001e-06
kahan,291,512,253.37248796802706,3.1659999999999998e-06
kahan,292,512,261.65788696502347,3.1659999999999998e-06
kahan,293,512,266.32168765135913,3.1669999999999999e-06
kahan,294,512,254.16994743206806,3.1250000000000001e-06
kahan,295,512,253.01401068378988,3.1250000000000001e-06
kahan,296,512,257.05912955056743,3.1250000000000001e-06
kahan,297,512,257.35363948936259,3.1250000000000001e-06
kahan,298,512,262.50752309479464,3.1250000000000001e-06
kahan,299,512,272.90271188729554,3.1250000000000001e-06
kahan,300,512,251.08723524521059,3.1250000000000001e-06
kahan,301,512,268.81119153489391,3.1250000000000001e-06
kahan,302,512,254.92573094159022,3.1250000000000001e-06
kahan,303,512,259.16869091770275,3.1659999999999998e-06
kahan,304,512,254.18167836318995,3.1250000000000001e-06
kahan,305,512,254.15603813019078,3.1250000000000001e-06
kahan,306,512,260.22514379476854,3.1250000000000001e-06
kahan,307,512,247.50225510954513,3.1250000000000001e-06
kahan,308,512,263.2414926770436,3.1250000000000001e-06
kahan,309,512,242.76255208873602,3.1250000000000001e-06
kahan,310,512,262.75758050814318,3.083e-06
kahan,311,512,256.08244169121383,3.1669999999999999e-06
kahan,312,512,257.42163602587715,3.1250000000000001e-06
kahan,313,512,240.70937541893508,3.1250000000000001e-06
kahan,314,512,253.24611602641858,3.1250000000000001e-06
kahan,315,512,255.43302637066839,3.1250000000000001e-06
kahan,316,512,249.06171208730754,3.084e-06
kahan,317,512,256.34292504402123,3.1669999999999999e-06
kahan,318,512,247.25071831463575,3.1250000000000001e-06
kahan,319,512,244.78925405491907,3.1250000000000001e-06
kahan,320,512,254.38424490627554,3.1669999999999999e-06
kahan,321,512,260.59280266943529,3.1250000000000001e-06
kahan,322,512,251.57823008408644,3.1250000000000001e-06
kahan,323,512,259.73041632159089,3.1250000000000001e-06
kahan,324,512,250.09135530619471,3.1669999999999999e-06
kahan,325,512,246.56720519340323,3.1669999999999999e-06
kahan,326,512,250.67794590053023,3.1250000000000001e-06
kahan,327,512,260.59321702344079,3.1250000000000001e-06
kahan,328,512,261.31530937016373,3.1250000000000001e-06
kahan,329,512,255.1793686560201,3.1250000000000001e-06
kahan,330,512,253.25469571025499,3.1659999999999998e-06
kahan,331,512,250.46274411333204,3.1250000000000001e-06
kahan,332,512,254.14606226462337,3.1250000000000001e-06
kahan,333,512,255.45594833207943,3.1250000000000001e-06
kahan,334,512,265.5971829495395,3.1250000000000001e-06
kahan,335,512,250.66921975500233,3.1250000000000001e-06
kahan,336,512,258.59277327620697,3.1250000000000001e-06
kahan,337,512,246.92659443073168,3.1250000000000001e-06
kahan,338,512,256.28573756155839,3.1250000000000001e-06
kahan,339,512,252.82123517570494,3.1250000000000001e-06
kahan,340,512,250.42616713049168,3.1250000000000001e-06
kahan,341,512,254.56379503296517,3.1250000000000001e-06
kahan,342,512,247.23958850626676,3.1250000000000001e-06
kahan,343,512,255.03128743341171,3.1669999999999999e-06
kahan,344,512,257.1652566666819,3.1250000000000001e-06
kahan,345,512,259.82712871193121,3.1250000000000001e-06
kahan,346,512,253.60447162380407,3.1250000000000001e-06
kahan,347,512,261.00029720921708,3.1250000000000001e-06
kahan,348,512,256.45407048849597,3.1250000000000001e-06
kahan,349,512,257.6396753348306,3.1250000000000001e-06
kahan,350,512,258.26458202829804,3.1250000000000001e-06
kahan,351,512,254.84952923322828,3.1250000000000001e-06
kahan,352,512,264.20449399985841,3.1250000000000001e-06
kahan,353,512,256.20413348833603,3.1250000000000001e-06
kahan,354,512,262.77625685804827,3.1250000000000001e-06
kahan,355,512,251.84648649642244,3.1250000000000001e-06
kahan,356,512,248.44115950778834,3.1250000000000001e-06
kahan,357,512,259.6150534644857,3.1659999999999998e-06
kahan,358,512,265.06621973761168,3.1250000000000001e-06
kahan,359,512,263.97179486171638,3.1659999999999998e-06
kahan,360,512,261.35642434321335,3.1659999999999998e-06
kahan,361,512,254.86908890659265,3.1659999999999998e-06
kahan,362,512,265.37249643017134,3.1250000000000001e-06
kahan,363,512,258.58439988718681,3.1250000000000001e-06
kahan,364,512,260.0999678012368,3.1669999999999999e-06
kahan,365,512,253.2464617946423,3.1669999999999999e-06
kahan,366,512,255.05349122406241,3.1250000000000001e-06
kahan,367,512,257.99403334112532,3.1250000000000001e-06
kahan,368,512,250.51461260575266,3.1250000000000001e-06
kahan,369,512,253.84368814300547,3.1250000000000001e-06
kahan,370,512,260.17918966432774,3.1250000000000001e-06
kahan,371,512,250.77555695016639,3.1250000000000001e-06
kahan,372,512,260.1773797230926,3.1250000000000001e-06
kahan,373,512,255.1222103338547,3.1250000000000001e-06
kahan,374,512,250.76977031431051,3.1250000000000001e-06
kahan,375,512,248.71614011575946,3.1250000000000001e-06
kahan,376,512,250.30238934641432,3.1669999999999999e-06
kahan,377,512,249.37581500026508,3.1669999999999999e-06
kahan,378,512,256.7100953423905,3.1250000000000001e-06
kahan,379,512,259.39067758280441,3.083e-06
kahan,380,512,250.47250419932595,3.1250000000000001e-06
kahan,381,512,265.00829956982432,3.1250000000000001e-06
kahan,382,512,258.40640539412863,3.1250000000000001e-06
kahan,383,512,254.36517986343208,3.1250000000000001e-06
kahan,384,512,250.12230250683331,3.1659999999999998e-06
kahan,385,512,253.83643627477147,3.1659999999999998e-06
kahan,386,512,256.55694284222358,3.1250000000000001e-06
kahan,387,512,261.3127589287667,3.1250000000000001e-06
kahan,388,512,254.48643124105695,3.208e-06
kahan,389,512,247.04953684406124,3.1250000000000001e-06
kahan,390,512,252.16708055811915,3.1659999999999998e-06
kahan,391,512,251.69094128761685,3.1250000000000001e-06
kahan,392,512,257.78456362530625,3.1250000000000001e-06
kahan,393,512,245.99611912492003,3.1250000000000001e-06
kahan,394,512,250.17897067092366,3.1669999999999999e-06
kahan,395,512,255.50348843777596,3.1250000000000001e-06
kahan,396,512,252.96583241981671,3.1250000000000001e-06
kahan,397,512,262.12479756626215,3.1250000000000001e-06
kahan,398,512,244.83128361609303,3.1669999999999999e-06
kahan,399,512,268.01753647077726,3.1250000000000001e-06
kahan,400,512,249.86843618977298,3.1250000000000001e-06
kahan,401,512,251.36556365018814,3.1250000000000001e-06
kahan,402,512,249.39206047578182,3.1250000000000001e-06
kahan,403,512,269.21668887280129,3.1250000000000001e-06
kahan,404,512,259.05623166851211,3.1250000000000001e-06
kahan,405,512,258.75773949043446,3.1659999999999998e-06
kahan,406,512,256.94101702096179,3.1250000000000001e-06
kahan,407,512,252.684898163094,3.1250000000000001e-06
kahan,408,512,254.49737682273766,3.1250000000000001e-06
kahan,409,512,251.92120988521629,3.1250000000000001e-06
kahan,410,512,257.31765188089889,3.1250000000000001e-06
kahan,411,512,259.60885278987678,3.1250000000000001e-06
kahan,412,512,242.811915858421,3.1250000000000001e-06
kahan,413,512,250.11821676783285,3.1669999999999999e-06
kahan,414,512,250.2245447835295,3.1250000000000001e-06
kahan,415,512,258.17764023152716,3.1250000000000001e-06
kahan,416,512,257.19534857402601,3.1659999999999998e-06
kahan,417,512,239.98268929430526,3.1250000000000001e-06
kahan,418,512,259.36299619107399,3.1250000000000001e-06
kahan,419,512,256.95713460516816,3.1659999999999998e-06
kahan,420,512,259.60984782315433,3.1250000000000001e-06
kahan,421,512,254.48066669809069,3.1669999999999999e-06
kahan,422,512,253.49245368250172,3.1669999999999999e-06
kahan,423,512,249.6182259320035,3.1250000000000001e-06
kahan,424,512,265.6276992205764,3.1250000000000001e-06
kahan,425,512,256.39705326738169,3.1250000000000001e-06
kahan,426,512,241.03191649076174,3.1250000000000001e-06
kahan,427,512,262.85078989564039,3.1250000000000001e-06
kahan,428,512,256.81064860007126,3.1250000000000001e-06
kahan,429,512,250.28405662792659,3.1250000000000001e-06
kahan,430,512,254.21704311098463,3.1250000000000001e-06
kahan,431,512,260.59376041851687,3.1669999999999999e-06
kahan,432,512,246.52421319673323,3.1669999999999999e-06
kahan,433,512,251.6657595525493,3.1659999999999998e-06
kahan,434,512,262.05309286876212,3.1250000000000001e-06
kahan,435,512,259.34738375365555,3.1250000000000001e-06
kahan,436,512,253.48179261105872,3.1659999999999998e-06
kahan,437,512,267.40069312473963,3.1250000000000001e-06
kahan,438,512,259.86093711723771,3.1250000000000001e-06
kahan,439,512,268.670311564006,3.1250000000000001e-06
kahan,440,512,248.56849587846213,3.1250000000000001e-06
kahan,441,512,257.25037529209931,3.1669999999999999e-06
kahan,442,512,247.79480824264056,3.083e-06
kahan,443,512,256.24244426343961,3.1250000000000001e-06
kahan,444,512,255.10888563718157,3.1659999999999998e-06
kahan,445,512,259.12524608367931,3.1659999999999998e-06
kahan,446,512,252.13974069716025,3.084e-06
kahan,447,512,250.2760593651997,3.1250000000000001e-06
kahan,448,512,260.11491813855673,3.1250000000000001e-06
kahan,449,512,250.22499283915397,3.1250000000000001e-06
kahan,450,512,249.52159574811756,3.1250000000000001e-06
kahan,451,512,252.62453949263008,3.1669999999999999e-06
kahan,452,512,265.82579874105488,3.1669999999999999e-06
kahan,453,512,246.9459960609301,3.1250000000000001e-06
kahan,454,512,255.34966664298733,3.1669999999999999e-06
kahan,455,512,259.53604748911016,3.1250000000000001e-06
kahan,456,512,265.91635077764101,3.1659999999999998e-06
kahan,457,512,239.98271545387573,3.1250000000000001e-06
kahan,458,512,256.57332924954778,3.1250000000000001e-06
kahan,459,512,240.23894103273284,3.1669999999999999e-06
kahan,460,512,259.53936991843551,3.1250000000000001e-06
kahan,461,512,252.4480212222083,3.1250000000000001e-06
kahan,462,512,251.45101850322209,3.1659999999999998e-06
kahan,463,512,262.59625355084438,3.1250000000000001e-06
kahan,464,512,256.05939529043786,3.1669999999999999e-06
kahan,465,512,259.78775378063483,3.1250000000000001e-06
kahan,466,512,263.05735061408927,3.1669999999999999e-06
kahan,467,512,255.7512787080484,3.1250000000000001e-06
kahan,468,512,259.62303835875383,3.1250000000000001e-06
kahan,469,512,262.96367078929393,3.1250000000000001e-06
kahan,470,512,250.5103105447717,3.1250000000000001e-06
kahan,471,512,253.71233349298186,3.1250000000000001e-06
kahan,472,512,258.78400228032643,3.1250000000000001e-06
kahan,473,512,253.67565942987642,3.1250000000000001e-06
kahan,474,512,258.17528493847425,3.1669999999999999e-06
kahan,475,512,257.8823983764093,3.1250000000000001e-06
kahan,476,512,247.46950587711811,3.1250000000000001e-06
kahan,477,512,257.80178741134404,3.1250000000000001e-06
kahan,478,512,254.0458429267936,3.1659999999999998e-06
kahan,479,512,269.13749988430658,3.1250000000000001e-06
kahan,480,512,260.68376591088293,3.1250000000000001e-06
kahan,481,512,264.32786147400998,3.1250000000000001e-06
kahan,482,512,245.66176014333104,3.1250000000000001e-06
kahan,483,512,264.91996701013818,3.1250000000000001e-06
kahan,484,512,250.12007127312117,3.1669999999999999e-06
kahan,485,512,249.10152007932558,3.1250000000000001e-06
kahan,486,512,267.49722281460203,3.1250000000000001e-06
kahan,487,512,246.11286778525451,3.1250000000000001e-06
kahan,488,512,252.21717014073863,3.2090000000000001e-06
kahan,489,512,253.52379962370429,3.1250000000000001e-06
kahan,490,512,264.99730077569961,3.1250000000000001e-06
kahan,491,512,252.70990433445664,3.1250000000000001e-06
kahan,492,512,253.8020946965058,3.1250000000000001e-06
kahan,493,512,251.32048275984158,3.1250000000000001e-06
kahan,494,512,255.08231707198959,3.1250000000000001e-06
kahan,495,512,258.9658369749551,3.1250000000000001e-06
kahan,496,512,244.59697221853358,3.1669999999999999e-06
kahan,497,512,246.77691649844073,3.1250000000000001e-06
kahan,498,512,250.56506612779975,3.1250000000000001e-06
kahan,499,512,254.56059861357525,3.1250000000000001e-06
kahan,500,512,254.15476760166212,3.1250000000000001e-06
kahan,501,512,248.69184954546932,3.1250000000000001e-06
kahan,502,512,267.84294395682525,3.1669999999999999e-06
kahan,503,512,253.07062681669885,3.1250000000000001e-06
kahan,504,512,267.69711509572966,3.1250000000000001e-06
kahan,505,512,263.43736364005667,3.1250000000000001e-06
kahan,506,512,261.99724208264149,3.1659999999999998e-06
kahan,507,512,255.77513497006291,3.1250000000000001e-06
kahan,508,512,257.77385089218154,3.1250000000000001e-06
kahan,509,512,264.59537687049675,3.0419999999999998e-06
kahan,510,512,245.31417609944558,3.1250000000000001e-06
kahan,511,512,250.35357464516773,3.1659999999999998e-06
kahan,512,512,256.54310020866359,3.1250000000000001e-06
pairwise,1,512,253.8347206851526,6.6599999999999996e-07
pairwise,2,512,262.28366409531816,2.9200000000000002e-07
pairwise,3,512,262.15682297437024,2.9200000000000002e-07
pairwise,4,512,251.1040572035908,2.4999999999999999e-07
pairwise,5,512,254.84562270214568,2.91e-07
pairwise,6,512,255.76726760483609,2.9200000000000002e-07
pairwise,7,512,259.35338998620352,2.9200000000000002e-07
pairwise,8,512,262.1536719659465,2.9200000000000002e-07
pairwise,9,512,269.66204303822883,2.9200000000000002e-07
pairwise,10,512,243.04590050125483,2.9200000000000002e-07
pairwise,11,512,258.15268783267874,2.91e-07
pairwise,12,512,261.89268444742339,2.91e-07
pairwise,13,512,258.86185964193618,2.9200000000000002e-07
pairwise,14,512,254.73036950734314,2.9200000000000002e-07
pairwise,15,512,253.94787360362068,2.9200000000000002e-07
pairwise,16,512,260.39457394821841,2.91e-07
pairwise,17,512,247.87004308459146,2.9200000000000002e-07
pairwise,18,512,256.47186443467507,2.9200000000000002e-07
pairwise,19,512,265.9837080923075,2.9200000000000002e-07
pairwise,20,512,253.5812596192001,2.9200000000000002e-07
pairwise,21,512,247.5266532600541,3.34e-07
pairwise,22,512,252.29679841175169,2.91e-07
pairwise,23,512,265.7290350131218,2.91e-07
pairwise,24,512,247.64654215870223,2.9200000000000002e-07
pairwise,25,512,261.86103957568673,2.9200000000000002e-07
pairwise,26,512,252.9115372669236,2.9200000000000002e-07
pairwise,27,512,257.91754233731899,2.91e-07
pairwise,28,512,250.88279285835344,2.91e-07
pairwise,29,512,255.02188466742791,2.9200000000000002e-07
pairwise,30,512,268.26129519437433,2.9200000000000002e-07
pairwise,31,512,261.29071314570609,2.9200000000000002e-07
pairwise,32,512,258.0584349325743,2.9200000000000002e-07
pairwise,33,512,255.39139149409635,2.9200000000000002e-07
pairwise,34,512,255.06314268493861,2.9200000000000002e-07
pairwise,35,512,246.85877930747117,2.9200000000000002e-07
pairwise,36,512,259.46842713094077,2.91e-07
pairwise,37,512,257.79458015975376,2.91e-07
pairwise,38,512,255.77628178605025,2.9200000000000002e-07
pairwise,39,512,265.20445989792523,2.9200000000000002e-07
pairwise,40,512,250.12409699780531,2.9200000000000002e-07
pairwise,41,512,246.53499057206426,2.9200000000000002e-07
pairwise,42,512,249.64627759904212,2.9200000000000002e-07
pairwise,43,512,246.11031275564108,2.91e-07
pairwise,44,512,266.59910718305042,2.91e-07
pairwise,45,512,247.72020454048339,2.9200000000000002e-07
pairwise,46,512,259.88690438130561,2.9200000000000002e-07
pairwise,47,512,254.37210637237467,2.4999999999999999e-07
pairwise,48,512,245.20722944874285,2.9200000000000002e-07
pairwise,49,512,261.1564082251042,2.9200000000000002e-07
pairwise,50,512,250.59153226753682,2.91e-07
pairwise,51,512,251.63280756217731,2.91e-07
pairwise,52,512,258.98703710574176,2.9200000000000002e-07
pairwise,53,512,245.55690106566294,2.91e-07
pairwise,54,512,252.87919025498368,2.91e-07
pairwise,55,512,264.71755903615815,2.4999999999999999e-07
pairwise,56,512,247.08152454480467,2.9200000000000002e-07
pairwise,57,512,261.59047789793607,2.9200000000000002e-07
pairwise,58,512,272.49045599419975,2.9200000000000002e-07
pairwise,59,512,253.13563337580609,2.9200000000000002e-07
pairwise,60,512,260.01164882976394,2.91e-07
pairwise,61,512,256.20250154909547,2.91e-07
pairwise,62,512,259.02269730716307,2.9200000000000002e-07
pairwise,63,512,247.19627566157456,2.9200000000000002e-07
pairwise,64,512,256.62055917092619,2.9200000000000002e-07
pairwise,65,512,245.56496481879356,2.9200000000000002e-07
pairwise,66,512,246.93641344309731,2.4999999999999999e-07
pairwise,67,512,251.86614385772683,2.91e-07
pairwise,68,512,270.81589090024443,2.91e-07
pairwise,69,512,262.29751268826038,2.9200000000000002e-07
pairwise,70,512,243.51204156231387,2.9200000000000002e-07
pairwise,71,512,261.77619413864761,2.4999999999999999e-07
pairwise,72,512,264.65610155181525,2.9200000000000002e-07
pairwise,73,512,250.9228154367579,2.4999999999999999e-07
pairwise,74,512,264.64053314177215,2.91e-07
pairwise,75,512,259.5667219253852,2.91e-07
pairwise,76,512,255.46246085521099,2.9200000000000002e-07
pairwise,77,512,256.78209923374254,2.9200000000000002e-07
pairwise,78,512,263.4579150224933,2.4999999999999999e-07
pairwise,79,512,242.42745098733693,2.9200000000000002e-07
pairwise,80,512,259.99108574616804,2.9200000000000002e-07
pairwise,81,512,258.43386181765118,2.91e-07
pairwise,82,512,259.44865988768652,2.9200000000000002e-07
pairwise,83,512,261.5688950972168,4.1699999999999999e-07
pairwise,84,512,261.05178968601638,2.9200000000000002e-07
pairwise,85,512,252.07367968169515,2.9200000000000002e-07
pairwise,86,512,251.43261768118396,2.9200000000000002e-07
pairwise,87,512,243.99125140276237,2.4999999999999999e-07
pairwise,88,512,256.04074022054374,2.91e-07
pairwise,89,512,258.26221618776526,2.91e-07
pairwise,90,512,260.12244858012343,2.9200000000000002e-07
pairwise,91,512,255.09333521171672,2.9200000000000002e-07
pairwise,92,512,254.97410406872174,2.9200000000000002e-07
pairwise,93,512,265.6844473205266,2.9200000000000002e-07
pairwise,94,512,275.75182793216072,2.9200000000000002e-07
pairwise,95,512,265.58892212364435,2.91e-07
pairwise,96,512,246.5219380661901,2.91e-07
pairwise,97,512,252.99168229616686,2.4999999999999999e-07
pairwise,98,512,260.74823211949951,2.9200000000000002e-07
pairwise,99,512,244.49742553768704,2.91e-07
pairwise,100,512,242.17979190742113,2.91e-07
pairwise,101,512,252.07287312176109,2.9200000000000002e-07
pairwise,102,512,260.03960770827831,2.9200000000000002e-07
pairwise,103,512,254.09062089017465,2.4999999999999999e-07
pairwise,104,512,259.63483912109479,2.9200000000000002e-07
pairwise,105,512,262.07027060176574,2.91e-07
pairwise,106,512,252.09966485420904,2.91e-07
pairwise,107,512,267.51874988487873,2.91e-07
pairwise,108,512,256.38875171661027,2.9200000000000002e-07
pairwise,109,512,263.17939979015341,2.9200000000000002e-07
pairwise,110,512,257.89373220522282,2.9200000000000002e-07
pairwise,111,512,258.83038334857162,2.9200000000000002e-07
pairwise,112,512,248.1225754972161,2.9200000000000002e-07
pairwise,113,512,241.89893840615494,2.91e-07
pairwise,114,512,249.22529587257668,2.91e-07
pairwise,115,512,259.32841440425693,2.91e-07
pairwise,116,512,262.82467200465095,2.9200000000000002e-07
pairwise,117,512,270.32754407421373,2.9200000000000002e-07
pairwise,118,512,253.65414406667284,2.9200000000000002e-07
pairwise,119,512,268.0560869457737,2.9200000000000002e-07
pairwise,120,512,260.01487573611894,2.9200000000000002e-07
pairwise,121,512,263.76810880090437,2.91e-07
pairwise,122,512,249.85512199381787,2.91e-07
pairwise,123,512,256.80000623316118,2.9200000000000002e-07
pairwise,124,512,253.65715838359779,2.9200000000000002e-07
pairwise,125,512,257.55458022047435,2.9200000000000002e-07
pairwise,126,512,263.10960864143118,2.9200000000000002e-07
pairwise,127,512,261.34012208572358,2.91e-07
pairwise,128,512,259.26452034011271,2.91e-07
pairwise,129,512,255.47634983095489,2.4999999999999999e-07
pairwise,130,512,245.21483497300238,2.9200000000000002e-07
pairwise,131,512,254.42536584967345,2.4999999999999999e-07
pairwise,132,512,254.10991219347741,2.9200000000000002e-07
pairwise,133,512,248.54303874766939,2.91e-07
pairwise,134,512,253.47544807880598,2.91e-07
pairwise,135,512,240.78640840268622,2.91e-07
pairwise,136,512,249.41135566306565,2.9200000000000002e-07
pairwise,137,512,249.1777185605697,2.9200000000000002e-07
pairwise,138,512,250.62982343148789,2.4999999999999999e-07
pairwise,139,512,251.75570817503416,2.91e-07
pairwise,140,512,258.86595748286277,2.91e-07
pairwise,141,512,253.15007008583086,2.9200000000000002e-07
pairwise,142,512,256.86626613035162,2.9200000000000002e-07
pairwise,143,512,245.94222843789282,2.4999999999999999e-07
pairwise,144,512,260.18970489008132,2.91e-07
pairwise,145,512,244.1031091944125,2.91e-07
pairwise,146,512,272.33411430377049,2.4999999999999999e-07
pairwise,147,512,261.92897665260875,2.9200000000000002e-07
pairwise,148,512,264.21396733741022,2.9200000000000002e-07
pairwise,149,512,251.21207159983646,2.91e-07
pairwise,150,512,256.45875882296639,2.9200000000000002e-07
pairwise,151,512,251.97608620076005,2.91e-07
pairwise,152,512,252.59658442887391,2.91e-07
pairwise,153,512,250.83799330187773,2.4999999999999999e-07
pairwise,154,512,256.61999719951439,2.9200000000000002e-07
pairwise,155,512,260.12249987892892,2.9200000000000002e-07
pairwise,156,512,252.22393228082336,2.9200000000000002e-07
pairwise,157,512,254.82853982849258,2.91e-07
pairwise,158,512,264.9191270899538,2.9200000000000002e-07
pairwise,159,512,250.91438794620785,2.9200000000000002e-07
pairwise,160,512,250.41301488684547,2.9200000000000002e-07
pairwise,161,512,259.59855057093023,2.91e-07
pairwise,162,512,257.3306453321548,2.91e-07
pairwise,163,512,259.0187248356612,2.9200000000000002e-07
pairwise,164,512,258.72555085369652,2.9200000000000002e-07
pairwise,165,512,245.95385225281063,2.9200000000000002e-07
pairwise,166,512,258.38652306677119,2.9200000000000002e-07
pairwise,167,512,261.11450826490955,2.91e-07
pairwise,168,512,268.05743668560774,2.91e-07
pairwise,169,512,250.32038958002985,2.91e-07
pairwise,170,512,260.3270312711644,2.91e-07
pairwise,171,512,252.19122552302917,2.91e-07
pairwise,172,512,257.97359805366443,2.9200000000000002e-07
pairwise,173,512,250.33426553231726,2.9200000000000002e-07
pairwise,174,512,266.4686501542443,2.9200000000000002e-07
pairwise,175,512,266.95448833971591,2.4999999999999999e-07
pairwise,176,512,252.5455910248501,2.91e-07
pairwise,177,512,254.65588319423188,2.9200000000000002e-07
pairwise,178,512,248.29843112445613,2.9200000000000002e-07
pairwise,179,512,253.53474430878248,2.91e-07
pairwise,180,512,258.17321944592663,2.4999999999999999e-07
pairwise,181,512,247.41279748667384,2.9200000000000002e-07
pairwise,182,512,255.1491435176593,2.4999999999999999e-07
pairwise,183,512,249.08284728446782,2.91e-07
pairwise,184,512,249.9002238318821,2.91e-07
pairwise,185,512,245.35168202745331,2.9200000000000002e-07
pairwise,186,512,258.12109940578443,2.4999999999999999e-07
pairwise,187,512,254.97745240000387,2.9200000000000002e-07
pairwise,188,512,261.25520862315744,2.9200000000000002e-07
pairwise,189,512,264.34998086533028,2.91e-07
pairwise,190,512,257.13667250413607,2.91e-07
pairwise,191,512,264.60596996969707,2.9200000000000002e-07
pairwise,192,512,254.53931056099398,2.9200000000000002e-07
pairwise,193,512,262.34126281425006,2.9200000000000002e-07
pairwise,194,512,255.9047453392389,2.9200000000000002e-07
pairwise,195,512,259.21998390893975,2.9200000000000002e-07
pairwise,196,512,255.3444822650776,2.4999999999999999e-07
pairwise,197,512,258.09995308400602,2.9200000000000002e-07
pairwise,198,512,257.64987883367178,2.4999999999999999e-07
pairwise,199,512,252.37273594273861,2.9200000000000002e-07
pairwise,200,512,257.94914307788338,2.9200000000000002e-07
pairwise,201,512,245.45603743324503,2.91e-07
pairwise,202,512,257.26500740641217,2.9200000000000002e-07
pairwise,203,512,263.55319673887482,2.9200000000000002e-07
pairwise,204,512,260.88837130778347,2.9200000000000002e-07
pairwise,205,512,258.41135431654777,2.9200000000000002e-07
pairwise,206,512,257.27755669970588,2.91e-07
pairwise,207,512,265.90162514032454,2.4999999999999999e-07
pairwise,208,512,249.53794361991771,2.9200000000000002e-07
pairwise,209,512,256.79078983006821,2.9200000000000002e-07
pairwise,210,512,251.98313813028625,2.9200000000000002e-07
pairwise,211,512,252.28015723294831,2.9200000000000002e-07
pairwise,212,512,254.54447047497999,2.91e-07
pairwise,213,512,265.56892575441009,2.91e-07
pairwise,214,512,253.85974246014501,2.91e-07
pairwise,215,512,248.71009249447519,2.9200000000000002e-07
pairwise,216,512,256.33258212680016,2.9200000000000002e-07
pairwise,217,512,259.54205672069099,2.9200000000000002e-07
pairwise,218,512,257.13074088278802,2.4999999999999999e-07
pairwise,219,512,246.2575307444622,2.91e-07
pairwise,220,512,259.48670285122921,2.91e-07
pairwise,221,512,256.44736692327285,2.9200000000000002e-07
pairwise,222,512,256.14470622602391,2.9200000000000002e-07
pairwise,223,512,262.56538885053408,2.91e-07
pairwise,224,512,257.46573594923245,2.91e-07
pairwise,225,512,254.39626712111021,2.9200000000000002e-07
pairwise,226,512,259.65954776357347,2.9200000000000002e-07
pairwise,227,512,259.51632695965708,2.4999999999999999e-07
pairwise,228,512,266.97675469153745,2.9200000000000002e-07
pairwise,229,512,262.18640341809891,2.9200000000000002e-07
pairwise,230,512,244.95925983872991,2.4999999999999999e-07
pairwise,231,512,259.57448889728494,2.9200000000000002e-07
pairwise,232,512,255.51108783737138,2.9200000000000002e-07
pairwise,233,512,251.45958634331402,2.9200000000000002e-07
pairwise,234,512,247.6687185725601,2.9200000000000002e-07
pairwise,235,512,255.241968079402,2.91e-07
pairwise,236,512,246.47836855031895,2.91e-07
pairwise,237,512,260.64410252865247,2.91e-07
pairwise,238,512,254.36154445070395,2.9200000000000002e-07
pairwise,239,512,259.38528352439596,2.9200000000000002e-07
pairwise,240,512,265.903096797915,2.9200000000000002e-07
pairwise,241,512,271.86168528504936,2.9200000000000002e-07
pairwise,242,512,268.42832383819052,2.4999999999999999e-07
pairwise,243,512,252.52136586150593,2.91e-07
pairwise,244,512,258.83538979929369,2.91e-07
pairwise,245,512,257.6958771975801,2.9200000000000002e-07
pairwise,246,512,248.5210054863638,2.9200000000000002e-07
pairwise,247,512,250.35880833103789,2.9200000000000002e-07
pairwise,248,512,260.02906247652271,2.9200000000000002e-07
pairwise,249,512,249.72308548870612,2.9200000000000002e-07
pairwise,250,512,251.98381402045976,2.4999999999999999e-07
pairwise,251,512,253.91146472397568,2.9200000000000002e-07
pairwise,252,512,255.45749100735961,2.9200000000000002e-07
pairwise,253,512,256.08494139537652,2.9200000000000002e-07
pairwise,254,512,257.25863150288831,2.9200000000000002e-07
pairwise,255,512,251.25440027484942,2.9200000000000002e-07
pairwise,256,512,262.09500286332934,2.9200000000000002e-07
pairwise,257,512,251.12038604123768,2.4999999999999999e-07
pairwise,258,512,246.58414755552576,2.4999999999999999e-07
pairwise,259,512,260.27619060135765,2.9200000000000002e-07
pairwise,260,512,259.62966550370572,2.9200000000000002e-07
pairwise,261,512,258.94014468439025,2.4999999999999999e-07
pairwise,262,512,255.69440483541092,2.91e-07
pairwise,263,512,257.66190023497876,2.9200000000000002e-07
pairwise,264,512,259.72132610047572,2.9200000000000002e-07
pairwise,265,512,247.06689364917639,2.9200000000000002e-07
pairwise,266,512,252.63423691374379,2.91e-07
pairwise,267,512,256.74775441065094,2.91e-07
pairwise,268,512,266.13560696535188,2.91e-07
pairwise,269,512,246.52567259588548,2.9200000000000002e-07
pairwise,270,512,258.07474065132442,2.9200000000000002e-07
pairwise,271,512,246.63044094621395,2.9200000000000002e-07
pairwise,272,512,271.68613684606271,2.9200000000000002e-07
pairwise,273,512,249.66907442452373,2.4999999999999999e-07
pairwise,274,512,255.24904455577564,2.91e-07
pairwise,275,512,256.86533200588838,2.91e-07
pairwise,276,512,259.5674263312784,2.9200000000000002e-07
pairwise,277,512,263.3502317200406,2.9200000000000002e-07
pairwise,278,512,256.74220975028101,2.9200000000000002e-07
pairwise,279,512,248.8957145957535,2.9200000000000002e-07
pairwise,280,512,247.12425701006549,2.9200000000000002e-07
pairwise,281,512,245.07956143621197,2.91e-07
pairwise,282,512,265.51736183291177,2.9200000000000002e-07
pairwise,283,512,255.26061675543659,2.9200000000000002e-07
pairwise,284,512,261.08351698433091,2.9200000000000002e-07
pairwise,285,512,255.55668400934894,2.9200000000000002e-07
pairwise,286,512,257.83428337179259,2.91e-07
pairwise,287,512,268.46656149646742,2.91e-07
pairwise,288,512,262.781332629205,2.9200000000000002e-07
pairwise,289,512,248.82074920999642,2.9200000000000002e-07
pairwise,290,512,257.06557624002176,2.9200000000000002e-07
pairwise,291,512,253.37248796802703,2.9200000000000002e-07
pairwise,292,512,261.65788696502341,2.9200000000000002e-07
pairwise,293,512,266.32168765135918,2.91e-07
pairwise,294,512,254.16994743206806,2.91e-07
pairwise,295,512,253.01401068378985,2.9200000000000002e-07
pairwise,296,512,257.05912955056738,2.9200000000000002e-07
pairwise,297,512,257.35363948936259,2.9200000000000002e-07
pairwise,298,512,262.50752309479464,2.9200000000000002e-07
pairwise,299,512,272.90271188729554,2.91e-07
pairwise,300,512,251.08723524521059,2.91e-07
pairwise,301,512,268.81119153489385,2.9200000000000002e-07
pairwise,302,512,254.92573094159022,2.9200000000000002e-07
pairwise,303,512,259.16869091770275,2.9200000000000002e-07
pairwise,304,512,254.18167836318995,2.91e-07
pairwise,305,512,254.15603813019078,2.91e-07
pairwise,306,512,260.22514379476854,2.9200000000000002e-07
pairwise,307,512,247.50225510954516,2.9200000000000002e-07
pairwise,308,512,263.2414926770436,2.9200000000000002e-07
pairwise,309,512,242.76255208873602,2.9200000000000002e-07
pairwise,310,512,262.75758050814318,2.91e-07
pairwise,311,512,256.08244169121383,2.4999999999999999e-07
pairwise,312,512,257.42163602587715,2.9200000000000002e-07
pairwise,313,512,240.70937541893508,2.9200000000000002e-07
pairwise,314,512,253.24611602641858,2.4999999999999999e-07
pairwise,315,512,255.43302637066839,2.9200000000000002e-07
pairwise,316,512,249.06171208730751,2.9200000000000002e-07
pairwise,317,512,256.34292504402123,2.9200000000000002e-07
pairwise,318,512,247.25071831463575,2.9200000000000002e-07
pairwise,319,512,244.78925405491907,2.9200000000000002e-07
pairwise,320,512,254.38424490627551,2.91e-07
pairwise,321,512,260.59280266943534,2.91e-07
pairwise,322,512,251.57823008408644,2.9200000000000002e-07
pairwise,323,512,259.73041632159089,2.9200000000000002e-07
pairwise,324,512,250.09135530619471,2.9200000000000002e-07
pairwise,325,512,246.56720519340325,2.9200000000000002e-07
pairwise,326,512,250.67794590053026,2.4999999999999999e-07
pairwise,327,512,260.59321702344073,3.3299999999999998e-07
pairwise,328,512,261.31530937016373,2.9200000000000002e-07
pairwise,329,512,255.1793686560201,2.9200000000000002e-07
pairwise,330,512,253.25469571025496,2.9200000000000002e-07
pairwise,331,512,250.46274411333204,2.91e-07
pairwise,332,512,254.14606226462337,2.91e-07
pairwise,333,512,255.4559483320794,2.4999999999999999e-07
pairwise,334,512,265.5971829495395,2.9200000000000002e-07
pairwise,335,512,250.6692197550023,2.4999999999999999e-07
pairwise,336,512,258.59277327620697,2.9200000000000002e-07
pairwise,337,512,246.92659443073165,2.9200000000000002e-07
pairwise,338,512,256.28573756155839,2.91e-07
pairwise,339,512,252.82123517570494,2.91e-07
pairwise,340,512,250.42616713049165,2.9200000000000002e-07
pairwise,341,512,254.56379503296517,2.9200000000000002e-07
pairwise,342,512,247.23958850626676,2.9200000000000002e-07
pairwise,343,512,255.03128743341171,2.9200000000000002e-07
pairwise,344,512,257.16525666668184,2.91e-07
pairwise,345,512,259.82712871193121,2.91e-07
pairwise,346,512,253.60447162380407,2.9200000000000002e-07
pairwise,347,512,261.00029720921702,2.9200000000000002e-07
pairwise,348,512,256.45407048849597,2.9200000000000002e-07
pairwise,349,512,257.63967533483054,2.9200000000000002e-07
pairwise,350,512,258.26458202829804,2.9200000000000002e-07
pairwise,351,512,254.84952923322828,2.4999999999999999e-07
pairwise,352,512,264.20449399985841,2.91e-07
pairwise,353,512,256.20413348833608,2.91e-07
pairwise,354,512,262.77625685804833,2.9200000000000002e-07
pairwise,355,512,251.84648649642241,2.9200000000000002e-07
pairwise,356,512,248.44115950778837,2.9200000000000002e-07
pairwise,357,512,259.6150534644857,2.9200000000000002e-07
pairwise,358,512,265.06621973761168,2.91e-07
pairwise,359,512,263.97179486171632,2.91e-07
pairwise,360,512,261.3564243432134,2.91e-07
pairwise,361,512,254.86908890659265,2.9200000000000002e-07
pairwise,362,512,265.37249643017134,2.9200000000000002e-07
pairwise,363,512,258.58439988718681,2.9200000000000002e-07
pairwise,364,512,260.09996780123674,2.9200000000000002e-07
pairwise,365,512,253.2464617946423,2.4999999999999999e-07
pairwise,366,512,255.05349122406241,2.91e-07
pairwise,367,512,257.99403334112532,2.91e-07
pairwise,368,512,250.51461260575263,2.4999999999999999e-07
pairwise,369,512,253.84368814300547,2.9200000000000002e-07
pairwise,370,512,260.17918966432774,2.4999999999999999e-07
pairwise,371,512,250.77555695016639,2.9200000000000002e-07
pairwise,372,512,260.1773797230926,2.9200000000000002e-07
pairwise,373,512,255.1222103338547,2.91e-07
pairwise,374,512,250.76977031431051,2.91e-07
pairwise,375,512,248.71614011575946,2.91e-07
pairwise,376,512,250.30238934641432,2.9200000000000002e-07
pairwise,377,512,249.37581500026505,2.9200000000000002e-07
pairwise,378,512,256.71009534239056,2.9200000000000002e-07
pairwise,379,512,259.39067758280441,2.91e-07
pairwise,380,512,250.47250419932595,4.1600000000000002e-07
pairwise,381,512,265.00829956982432,2.91e-07
pairwise,382,512,258.40640539412868,2.9200000000000002e-07
pairwise,383,512,254.3651798634321,2.9200000000000002e-07
pairwise,384,512,250.12230250683325,2.9200000000000002e-07
pairwise,385,512,253.83643627477147,2.9200000000000002e-07
pairwise,386,512,256.55694284222358,2.4999999999999999e-07
pairwise,387,512,261.3127589287667,2.91e-07
pairwise,388,512,254.48643124105698,2.91e-07
pairwise,389,512,247.04953684406121,2.9200000000000002e-07
pairwise,390,512,252.16708055811915,2.9200000000000002e-07
pairwise,391,512,251.69094128761685,2.9200000000000002e-07
pairwise,392,512,257.78456362530625,2.9200000000000002e-07
pairwise,393,512,245.99611912492003,2.4999999999999999e-07
pairwise,394,512,250.17897067092366,2.91e-07
pairwise,395,512,255.50348843777599,2.4999999999999999e-07
pairwise,396,512,252.96583241981673,2.9200000000000002e-07
pairwise,397,512,262.1247975662622,2.9200000000000002e-07
pairwise,398,512,244.83128361609306,2.9200000000000002e-07
pairwise,399,512,268.01753647077726,2.9200000000000002e-07
pairwise,400,512,249.86843618977298,2.91e-07
pairwise,401,512,251.36556365018816,2.91e-07
pairwise,402,512,249.39206047578179,2.9200000000000002e-07
pairwise,403,512,269.21668887280129,2.9200000000000002e-07
pairwise,404,512,259.05623166851217,2.9200000000000002e-07
pairwise,405,512,258.75773949043446,2.9200000000000002e-07
pairwise,406,512,256.94101702096179,2.9200000000000002e-07
pairwise,407,512,252.68489816309398,2.91e-07
pairwise,408,512,254.49737682273764,2.91e-07
pairwise,409,512,251.92120988521629,2.4999999999999999e-07
pairwise,410,512,257.31765188089884,2.9200000000000002e-07
pairwise,411,512,259.60885278987683,2.9200000000000002e-07
pairwise,412,512,242.81191585842097,2.9200000000000002e-07
pairwise,413,512,250.11821676783285,2.91e-07
pairwise,414,512,250.2245447835295,2.91e-07
pairwise,415,512,258.17764023152711,2.4999999999999999e-07
pairwise,416,512,257.19534857402601,2.9200000000000002e-07
pairwise,417,512,239.98268929430526,2.9200000000000002e-07
pairwise,418,512,259.36299619107399,2.9200000000000002e-07
pairwise,419,512,256.95713460516816,2.9200000000000002e-07
pairwise,420,512,259.60984782315427,2.9200000000000002e-07
pairwise,421,512,254.48066669809066,2.91e-07
pairwise,422,512,253.49245368250172,2.4999999999999999e-07
pairwise,423,512,249.6182259320035,2.9200000000000002e-07
pairwise,424,512,265.62769922057635,2.9200000000000002e-07
pairwise,425,512,256.39705326738169,2.9200000000000002e-07
pairwise,426,512,241.03191649076177,2.9200000000000002e-07
pairwise,427,512,262.85078989564039,2.91e-07
pairwise,428,512,256.8106486000712,2.91e-07
pairwise,429,512,250.28405662792656,2.9200000000000002e-07
pairwise,430,512,254.21704311098463,2.9200000000000002e-07
pairwise,431,512,260.59376041851687,2.9200000000000002e-07
pairwise,432,512,246.52421319673323,2.9200000000000002e-07
pairwise,433,512,251.66575955254928,2.4999999999999999e-07
pairwise,434,512,262.05309286876218,2.91e-07
pairwise,435,512,259.34738375365561,2.4999999999999999e-07
pairwise,436,512,253.48179261105872,2.9200000000000002e-07
pairwise,437,512,267.40069312473963,2.9200000000000002e-07
pairwise,438,512,259.86093711723765,2.9200000000000002e-07
pairwise,439,512,268.67031156400594,2.9200000000000002e-07
pairwise,440,512,248.56849587846213,2.4999999999999999e-07
pairwise,441,512,257.25037529209931,2.91e-07
pairwise,442,512,247.79480824264056,2.9200000000000002e-07
pairwise,443,512,256.24244426343961,2.9200000000000002e-07
pairwise,444,512,255.10888563718157,2.9200000000000002e-07
pairwise,445,512,259.12524608367937,2.4999999999999999e-07
pairwise,446,512,252.13974069716028,2.91e-07
pairwise,447,512,250.2760593651997,2.91e-07
pairwise,448,512,260.11491813855673,2.9200000000000002e-07
pairwise,449,512,250.22499283915397,2.9200000000000002e-07
pairwise,450,512,249.52159574811753,2.4999999999999999e-07
pairwise,451,512,252.62453949263005,2.9200000000000002e-07
pairwise,452,512,265.82579874105488,2.9200000000000002e-07
pairwise,453,512,246.9459960609301,2.91e-07
pairwise,454,512,255.34966664298736,2.91e-07
pairwise,455,512,259.5360474891101,2.9200000000000002e-07
pairwise,456,512,265.91635077764101,2.9200000000000002e-07
pairwise,457,512,239.98271545387573,3.3299999999999998e-07
pairwise,458,512,256.57332924954778,2.4999999999999999e-07
pairwise,459,512,240.23894103273284,2.9200000000000002e-07
pairwise,460,512,259.53936991843545,2.9200000000000002e-07
pairwise,461,512,252.44802122220833,2.9200000000000002e-07
pairwise,462,512,251.45101850322206,2.91e-07
pairwise,463,512,262.59625355084438,2.91e-07
pairwise,464,512,256.05939529043781,2.9200000000000002e-07
pairwise,465,512,259.78775378063489,2.9200000000000002e-07
pairwise,466,512,263.05735061408927,2.4999999999999999e-07
pairwise,467,512,255.7512787080484,2.9200000000000002e-07
pairwise,468,512,259.62303835875377,2.9200000000000002e-07
pairwise,469,512,262.96367078929393,2.91e-07
pairwise,470,512,250.51031054477167,2.9200000000000002e-07
pairwise,471,512,253.71233349298183,2.9200000000000002e-07
pairwise,472,512,258.78400228032638,2.9200000000000002e-07
pairwise,473,512,253.67565942987642,2.9200000000000002e-07
pairwise,474,512,258.17528493847431,2.91e-07
pairwise,475,512,257.88239837640936,2.91e-07
pairwise,476,512,247.46950587711808,2.9200000000000002e-07
pairwise,477,512,257.80178741134404,2.9200000000000002e-07
pairwise,478,512,254.0458429267936,2.4999999999999999e-07
pairwise,479,512,269.13749988430658,2.91e-07
pairwise,480,512,260.68376591088293,2.91e-07
pairwise,481,512,264.32786147400998,2.9200000000000002e-07
pairwise,482,512,245.66176014333101,2.4999999999999999e-07
pairwise,483,512,264.91996701013818,2.9200000000000002e-07
pairwise,484,512,250.12007127312117,2.9200000000000002e-07
pairwise,485,512,249.10152007932561,2.91e-07
pairwise,486,512,267.49722281460203,2.9200000000000002e-07
pairwise,487,512,246.11286778525451,2.9200000000000002e-07
pairwise,488,512,252.21717014073863,2.9200000000000002e-07
pairwise,489,512,253.52379962370429,2.4999999999999999e-07
pairwise,490,512,264.99730077569961,2.91e-07
pairwise,491,512,252.70990433445661,2.4999999999999999e-07
pairwise,492,512,253.80209469650586,3.34e-07
pairwise,493,512,251.32048275984158,2.9200000000000002e-07
pairwise,494,512,255.08231707198956,2.91e-07
pairwise,495,512,258.9658369749551,2.91e-07
pairwise,496,512,244.59697221853355,2.9200000000000002e-07
pairwise,497,512,246.77691649844073,2.9200000000000002e-07
pairwise,498,512,250.56506612779972,2.9200000000000002e-07
pairwise,499,512,254.56059861357525,2.9200000000000002e-07
pairwise,500,512,254.15476760166212,2.9200000000000002e-07
pairwise,501,512,248.69184954546932,2.9200000000000002e-07
pairwise,502,512,267.84294395682531,2.91e-07
pairwise,503,512,253.07062681669885,2.91e-07
pairwise,504,512,267.69711509572966,2.4999999999999999e-07
pairwise,505,512,263.43736364005667,2.9200000000000002e-07
pairwise,506,512,261.99724208264149,2.91e-07
pairwise,507,512,255.77513497006294,2.91e-07
pairwise,508,512,257.77385089218154,2.9200000000000002e-07
pairwise,509,512,264.59537687049675,2.9200000000000002e-07
pairwise,510,512,245.3141760994456,4.1699999999999999e-07
pairwise,511,512,250.35357464516773,2.9200000000000002e-07
pairwise,512,512,256.54310020866359,2.91e-07
armadillo,1,512,253.83472068515266,4.1600000000000002e-07
armadillo,2,512,262.28366409531827,3.3299999999999998e-07
armadillo,3,512,262.15682297437019,2.9200000000000002e-07
armadillo,4,512,251.1040572035908,4.1699999999999999e-07
armadillo,5,512,254.84562270214576,4.1699999999999999e-07
armadillo,6,512,255.76726760483604,3.7500000000000001e-07
armadillo,7,512,259.35338998620352,3.34e-07
armadillo,8,512,262.15367196594644,3.7500000000000001e-07
armadillo,9,512,269.66204303822883,3.3299999999999998e-07
armadillo,10,512,243.04590050125501,3.7500000000000001e-07
armadillo,11,512,258.15268783267879,3.3299999999999998e-07
armadillo,12,512,261.89268444742333,2.91e-07
armadillo,13,512,258.86185964193612,3.3299999999999998e-07
armadillo,14,512,254.73036950734308,3.3299999999999998e-07
armadillo,15,512,253.94787360362074,3.34e-07
armadillo,16,512,260.39457394821864,3.34e-07
armadillo,17,512,247.87004308459143,2.9200000000000002e-07
armadillo,18,512,256.4718644346749,4.1600000000000002e-07
armadillo,19,512,265.98370809230767,2.9200000000000002e-07
armadillo,20,512,253.58125961920007,3.34e-07
armadillo,21,512,247.5266532600543,2.9200000000000002e-07
armadillo,22,512,252.29679841175169,3.7500000000000001e-07
armadillo,23,512,265.7290350131218,3.3299999999999998e-07
armadillo,24,512,247.64654215870235,3.34e-07
armadillo,25,512,261.86103957568673,4.1699999999999999e-07
armadillo,26,512,252.91153726692346,2.91e-07
armadillo,27,512,257.91754233731899,3.3299999999999998e-07
armadillo,28,512,250.88279285835335,2.9200000000000002e-07
armadillo,29,512,255.02188466742797,3.34e-07
armadillo,30,512,268.26129519437421,3.34e-07
armadillo,31,512,261.29071314570604,3.7500000000000001e-07
armadillo,32,512,258.0584349325743,3.3299999999999998e-07
armadillo,33,512,255.39139149409633,2.9200000000000002e-07
armadillo,34,512,255.06314268493861,3.7500000000000001e-07
armadillo,35,512,246.85877930747122,4.1600000000000002e-07
armadillo,36,512,259.46842713094077,3.7500000000000001e-07
armadillo,37,512,257.79458015975376,3.3299999999999998e-07
armadillo,38,512,255.77628178605005,2.91e-07
armadillo,39,512,265.2044598979254,3.3299999999999998e-07
armadillo,40,512,250.12409699780522,4.1699999999999999e-07
armadillo,41,512,246.53499057206443,3.3299999999999998e-07
armadillo,42,512,249.64627759904221,3.7500000000000001e-07
armadillo,43,512,246.11031275564102,2.9200000000000002e-07
armadillo,44,512,266.59910718305036,3.7500000000000001e-07
armadillo,45,512,247.72020454048345,3.3299999999999998e-07
armadillo,46,512,259.88690438130561,3.7500000000000001e-07
armadillo,47,512,254.37210637237467,3.34e-07
armadillo,48,512,245.20722944874285,3.7500000000000001e-07
armadillo,49,512,261.1564082251042,3.3299999999999998e-07
armadillo,50,512,250.59153226753671,4.1699999999999999e-07
armadillo,51,512,251.63280756217736,3.3299999999999998e-07
armadillo,52,512,258.98703710574182,4.1600000000000002e-07
armadillo,53,512,245.55690106566294,2.9200000000000002e-07
armadillo,54,512,252.87919025498371,3.7500000000000001e-07
armadillo,55,512,264.71755903615787,2.91e-07
armadillo,56,512,247.08152454480455,3.3299999999999998e-07
armadillo,57,512,261.59047789793607,3.3299999999999998e-07
armadillo,58,512,272.49045599419975,2.9200000000000002e-07
armadillo,59,512,253.13563337580612,3.34e-07
armadillo,60,512,260.01164882976389,2.9200000000000002e-07
armadillo,61,512,256.20250154909547,3.7500000000000001e-07
armadillo,62,512,259.02269730716313,2.9200000000000002e-07
armadillo,63,512,247.19627566157467,3.34e-07
armadillo,64,512,256.62055917092607,2.9200000000000002e-07
armadillo,65,512,245.56496481879367,3.7500000000000001e-07
armadillo,66,512,246.93641344309742,4.1699999999999999e-07
armadillo,67,512,251.8661438577268,3.7500000000000001e-07
armadillo,68,512,270.81589090024443,3.3299999999999998e-07
armadillo,69,512,262.29751268826044,4.1699999999999999e-07
armadillo,70,512,243.51204156231387,3.7500000000000001e-07
armadillo,71,512,261.77619413864761,3.3299999999999998e-07
armadillo,72,512,264.65610155181514,2.9200000000000002e-07
armadillo,73,512,250.92281543675787,4.1699999999999999e-07
armadillo,74,512,264.64053314177232,3.3299999999999998e-07
armadillo,75,512,259.56672192538514,3.3299999999999998e-07
armadillo,76,512,255.46246085521102,4.1600000000000002e-07
armadillo,77,512,256.78209923374266,3.34e-07
armadillo,78,512,263.45791502249335,3.34e-07
armadillo,79,512,242.42745098733684,2.9200000000000002e-07
armadillo,80,512,259.99108574616804,3.3299999999999998e-07
armadillo,81,512,258.43386181765112,2.91e-07
armadillo,82,512,259.4486598876864,3.3299999999999998e-07
armadillo,83,512,261.5688950972168,2.9200000000000002e-07
armadillo,84,512,261.05178968601626,3.7500000000000001e-07
armadillo,85,512,252.07367968169507,3.3299999999999998e-07
armadillo,86,512,251.43261768118384,2.91e-07
armadillo,87,512,243.99125140276237,3.3299999999999998e-07
armadillo,88,512,256.04074022054374,2.9200000000000002e-07
armadillo,89,512,258.26221618776526,3.7500000000000001e-07
armadillo,90,512,260.12244858012355,2.91e-07
armadillo,91,512,255.09333521171664,3.3299999999999998e-07
armadillo,92,512,254.97410406872172,3.3299999999999998e-07
armadillo,93,512,265.68444732052649,3.34e-07
armadillo,94,512,275.75182793216067,4.1699999999999999e-07
armadillo,95,512,265.58892212364435,3.7500000000000001e-07
armadillo,96,512,246.5219380661901,3.34e-07
armadillo,97,512,252.99168229616694,4.1699999999999999e-07
armadillo,98,512,260.74823211949939,3.7500000000000001e-07
armadillo,99,512,244.49742553768704,3.34e-07
armadillo,100,512,242.17979190742113,2.9200000000000002e-07
armadillo,101,512,252.07287312176106,3.7500000000000001e-07
armadillo,102,512,260.03960770827825,4.1699999999999999e-07
armadillo,103,512,254.09062089017462,3.3299999999999998e-07
armadillo,104,512,259.63483912109473,4.1600000000000002e-07
armadillo,105,512,262.07027060176586,2.9200000000000002e-07
armadillo,106,512,252.09966485420892,3.34e-07
armadillo,107,512,267.51874988487873,2.9200000000000002e-07
armadillo,108,512,256.38875171661027,3.3299999999999998e-07
armadillo,109,512,263.17939979015341,2.91e-07
armadillo,110,512,257.89373220522288,3.7500000000000001e-07
armadillo,111,512,258.83038334857173,3.34e-07
armadillo,112,512,248.12257549721613,3.7500000000000001e-07
armadillo,113,512,241.89893840615503,3.3299999999999998e-07
armadillo,114,512,249.22529587257662,3.7500000000000001e-07
armadillo,115,512,259.32841440425693,3.3299999999999998e-07
armadillo,116,512,262.82467200465089,3.3299999999999998e-07
armadillo,117,512,270.32754407421373,3.3299999999999998e-07
armadillo,118,512,253.6541440666729,4.1699999999999999e-07
armadillo,119,512,268.0560869457737,2.9200000000000002e-07
armadillo,120,512,260.01487573611877,3.3299999999999998e-07
armadillo,121,512,263.76810880090432,2.91e-07
armadillo,122,512,249.85512199381793,3.7500000000000001e-07
armadillo,123,512,256.80000623316107,4.1699999999999999e-07
armadillo,124,512,253.65715838359768,2.91e-07
armadillo,125,512,257.55458022047429,4.1699999999999999e-07
armadillo,126,512,263.10960864143112,3.7500000000000001e-07
armadillo,127,512,261.34012208572358,3.3299999999999998e-07
armadillo,128,512,259.26452034011277,3.3299999999999998e-07
armadillo,129,512,255.47634983095489,3.7500000000000001e-07
armadillo,130,512,245.21483497300233,4.1600000000000002e-07
armadillo,131,512,254.42536584967337,3.7500000000000001e-07
armadillo,132,512,254.10991219347741,3.3299999999999998e-07
armadillo,133,512,248.54303874766936,4.1600000000000002e-07
armadillo,134,512,253.47544807880595,3.7500000000000001e-07
armadillo,135,512,240.78640840268616,3.3299999999999998e-07
armadillo,136,512,249.41135566306559,3.7500000000000001e-07
armadillo,137,512,249.17771856056976,3.34e-07
armadillo,138,512,250.62982343148803,4.1699999999999999e-07
armadillo,139,512,251.75570817503416,3.3299999999999998e-07
armadillo,140,512,258.86595748286277,4.1699999999999999e-07
armadillo,141,512,253.15007008583075,4.1699999999999999e-07
armadillo,142,512,256.86626613035168,3.7500000000000001e-07
armadillo,143,512,245.94222843789277,3.34e-07
armadillo,144,512,260.18970489008143,3.7500000000000001e-07
armadillo,145,512,244.10310919441247,3.7500000000000001e-07
armadillo,146,512,272.33411430377055,3.34e-07
armadillo,147,512,261.92897665260892,3.3299999999999998e-07
armadillo,148,512,264.21396733741022,4.1600000000000002e-07
armadillo,149,512,251.21207159983649,2.9200000000000002e-07
armadillo,150,512,256.45875882296633,3.7500000000000001e-07
armadillo,151,512,251.97608620076011,2.91e-07
armadillo,152,512,252.5965844288738,3.7500000000000001e-07
armadillo,153,512,250.83799330187759,4.1600000000000002e-07
armadillo,154,512,256.61999719951433,3.7500000000000001e-07
armadillo,155,512,260.12249987892903,3.3299999999999998e-07
armadillo,156,512,252.22393228082331,2.91e-07
armadillo,157,512,254.82853982849269,3.3299999999999998e-07
armadillo,158,512,264.91912708995392,4.1699999999999999e-07
armadillo,159,512,250.91438794620797,3.3299999999999998e-07
armadillo,160,512,250.41301488684564,3.3299999999999998e-07
armadillo,161,512,259.59855057093023,3.7500000000000001e-07
armadillo,162,512,257.33064533215475,3.7500000000000001e-07
armadillo,163,512,259.0187248356612,2.91e-07
armadillo,164,512,258.72555085369663,3.3299999999999998e-07
armadillo,165,512,245.95385225281063,3.3299999999999998e-07
armadillo,166,512,258.38652306677113,3.3299999999999998e-07
armadillo,167,512,261.11450826490943,3.7500000000000001e-07
armadillo,168,512,268.05743668560791,2.9200000000000002e-07
armadillo,169,512,250.32038958002977,3.34e-07
armadillo,170,512,260.32703127116446,4.1699999999999999e-07
armadillo,171,512,252.19122552302906,3.3299999999999998e-07
armadillo,172,512,257.97359805366443,4.1699999999999999e-07
armadillo,173,512,250.33426553231726,2.9200000000000002e-07
armadillo,174,512,266.46865015424441,3.3299999999999998e-07
armadillo,175,512,266.95448833971585,2.91e-07
armadillo,176,512,252.54559102485018,3.3299999999999998e-07
armadillo,177,512,254.65588319423188,3.3299999999999998e-07
armadillo,178,512,248.29843112445619,3.34e-07
armadillo,179,512,253.53474430878259,3.34e-07
armadillo,180,512,258.17321944592658,3.7500000000000001e-07
armadillo,181,512,247.41279748667381,3.3299999999999998e-07
armadillo,182,512,255.14914351765935,3.7500000000000001e-07
armadillo,183,512,249.08284728446796,3.3299999999999998e-07
armadillo,184,512,249.90022383188216,3.3299999999999998e-07
armadillo,185,512,245.35168202745331,3.3299999999999998e-07
armadillo,186,512,258.12109940578443,4.1699999999999999e-07
armadillo,187,512,254.9774524000039,2.9200000000000002e-07
armadillo,188,512,261.2552086231575,3.3299999999999998e-07
armadillo,189,512,264.34998086533028,2.91e-07
armadillo,190,512,257.13667250413619,3.7500000000000001e-07
armadillo,191,512,264.60596996969696,4.1699999999999999e-07
armadillo,192,512,254.53931056099404,2.91e-07
armadillo,193,512,262.34126281424994,4.1699999999999999e-07
armadillo,194,512,255.90474533923884,3.7500000000000001e-07
armadillo,195,512,259.21998390893975,3.7500000000000001e-07
armadillo,196,512,255.34448226507766,3.34e-07
armadillo,197,512,258.09995308400596,3.7500000000000001e-07
armadillo,198,512,257.64987883367166,3.7500000000000001e-07
armadillo,199,512,252.3727359427387,2.9200000000000002e-07
armadillo,200,512,257.94914307788338,3.3299999999999998e-07
armadillo,201,512,245.45603743324497,3.3299999999999998e-07
armadillo,202,512,257.26500740641211,3.3299999999999998e-07
armadillo,203,512,263.5531967388747,3.3299999999999998e-07
armadillo,204,512,260.88837130778342,3.34e-07
armadillo,205,512,258.41135431654783,4.1699999999999999e-07
armadillo,206,512,257.277556699706,3.7500000000000001e-07
armadillo,207,512,265.90162514032437,3.7500000000000001e-07
armadillo,208,512,249.53794361991768,3.3299999999999998e-07
armadillo,209,512,256.79078983006821,3.3299999999999998e-07
armadillo,210,512,251.98313813028631,4.1699999999999999e-07
armadillo,211,512,252.28015723294826,2.9200000000000002e-07
armadillo,212,512,254.54447047497996,3.3299999999999998e-07
armadillo,213,512,265.56892575441015,2.91e-07
armadillo,214,512,253.85974246014504,3.3299999999999998e-07
armadillo,215,512,248.71009249447519,3.3299999999999998e-07
armadillo,216,512,256.33258212680016,3.7500000000000001e-07
armadillo,217,512,259.54205672069094,3.3299999999999998e-07
armadillo,218,512,257.13074088278802,2.91e-07
armadillo,219,512,246.25753074446229,3.3299999999999998e-07
armadillo,220,512,259.4867028512291,2.9200000000000002e-07
armadillo,221,512,256.44736692327285,3.7500000000000001e-07
armadillo,222,512,256.14470622602397,4.1600000000000002e-07
armadillo,223,512,262.56538885053402,3.7500000000000001e-07
armadillo,224,512,257.46573594923234,3.3299999999999998e-07
armadillo,225,512,254.39626712111021,2.91e-07
armadillo,226,512,259.65954776357353,3.7500000000000001e-07
armadillo,227,512,259.51632695965708,4.1699999999999999e-07
armadillo,228,512,266.97675469153739,3.3299999999999998e-07
armadillo,229,512,262.18640341809885,4.1699999999999999e-07
armadillo,230,512,244.95925983872985,3.7500000000000001e-07
armadillo,231,512,259.57448889728505,3.3299999999999998e-07
armadillo,232,512,255.51108783737141,2.9200000000000002e-07
armadillo,233,512,251.45958634331396,3.34e-07
armadillo,234,512,247.66871857256015,4.1699999999999999e-07
armadillo,235,512,255.24196807940197,2.91e-07
armadillo,236,512,246.47836855031892,4.1699999999999999e-07
armadillo,237,512,260.64410252865235,2.9200000000000002e-07
armadillo,238,512,254.36154445070403,3.7500000000000001e-07
armadillo,239,512,259.38528352439602,3.3299999999999998e-07
armadillo,240,512,265.90309679791505,3.7500000000000001e-07
armadillo,241,512,271.86168528504948,3.3299999999999998e-07
armadillo,242,512,268.42832383819041,2.91e-07
armadillo,243,512,252.52136586150584,3.3299999999999998e-07
armadillo,244,512,258.83538979929386,2.9200000000000002e-07
armadillo,245,512,257.69587719758022,3.34e-07
armadillo,246,512,248.52100548636378,3.34e-07
armadillo,247,512,250.35880833103795,3.7500000000000001e-07
armadillo,248,512,260.02906247652265,4.1699999999999999e-07
armadillo,249,512,249.72308548870615,3.34e-07
armadillo,250,512,251.98381402045973,3.34e-07
armadillo,251,512,253.91146472397583,3.7500000000000001e-07
armadillo,252,512,255.45749100735972,3.3299999999999998e-07
armadillo,253,512,256.08494139537657,2.9200000000000002e-07
armadillo,254,512,257.25863150288831,3.7500000000000001e-07
armadillo,255,512,251.2544002748493,4.1600000000000002e-07
armadillo,256,512,262.09500286332928,3.34e-07
armadillo,257,512,251.12038604123751,3.34e-07
armadillo,258,512,246.58414755552576,3.7500000000000001e-07
armadillo,259,512,260.27619060135765,3.3299999999999998e-07
armadillo,260,512,259.62966550370584,2.9200000000000002e-07
armadillo,261,512,258.94014468439025,3.34e-07
armadillo,262,512,255.69440483541095,3.7500000000000001e-07
armadillo,263,512,257.66190023497893,3.7500000000000001e-07
armadillo,264,512,259.72132610047544,2.91e-07
armadillo,265,512,247.06689364917634,3.3299999999999998e-07
armadillo,266,512,252.63423691374385,3.3299999999999998e-07
armadillo,267,512,256.74775441065094,3.34e-07
armadillo,268,512,266.13560696535183,3.34e-07
armadillo,269,512,246.52567259588545,2.9200000000000002e-07
armadillo,270,512,258.07474065132436,3.7500000000000001e-07
armadillo,271,512,246.63044094621398,2.9200000000000002e-07
armadillo,272,512,271.68613684606271,3.7500000000000001e-07
armadillo,273,512,249.66907442452373,2.91e-07
armadillo,274,512,255.2490445557757,3.3299999999999998e-07
armadillo,275,512,256.86533200588838,3.3299999999999998e-07
armadillo,276,512,259.5674263312784,3.34e-07
armadillo,277,512,263.35023172004048,3.34e-07
armadillo,278,512,256.74220975028112,2.9200000000000002e-07
armadillo,279,512,248.89571459575353,3.3299999999999998e-07
armadillo,280,512,247.12425701006541,2.91e-07
armadillo,281,512,245.07956143621215,3.3299999999999998e-07
armadillo,282,512,265.51736183291177,3.7500000000000001e-07
armadillo,283,512,255.26061675543653,3.3299999999999998e-07
armadillo,284,512,261.08351698433097,3.3299999999999998e-07
armadillo,285,512,255.55668400934888,3.3299999999999998e-07
armadillo,286,512,257.83428337179271,4.1600000000000002e-07
armadillo,287,512,268.46656149646753,3.34e-07
armadillo,288,512,262.78133262920494,4.1699999999999999e-07
armadillo,289,512,248.82074920999631,3.7500000000000001e-07
armadillo,290,512,257.06557624002181,3.34e-07
armadillo,291,512,253.37248796802692,2.9200000000000002e-07
armadillo,292,512,261.65788696502341,3.3299999999999998e-07
armadillo,293,512,266.32168765135918,3.3299999999999998e-07
armadillo,294,512,254.16994743206797,3.7500000000000001e-07
armadillo,295,512,253.01401068378982,3.34e-07
armadillo,296,512,257.05912955056743,2.9200000000000002e-07
armadillo,297,512,257.35363948936254,3.3299999999999998e-07
armadillo,298,512,262.50752309479469,3.7500000000000001e-07
armadillo,299,512,272.9027118872956,3.34e-07
armadillo,300,512,251.08723524521054,2.9200000000000002e-07
armadillo,301,512,268.81119153489391,3.3299999999999998e-07
armadillo,302,512,254.92573094159019,3.3299999999999998e-07
armadillo,303,512,259.16869091770286,2.91e-07
armadillo,304,512,254.18167836319003,3.3299999999999998e-07
armadillo,305,512,254.15603813019072,2.9200000000000002e-07
armadillo,306,512,260.22514379476848,3.7500000000000001e-07
armadillo,307,512,247.5022551095451,2.91e-07
armadillo,308,512,263.24149267704342,3.7500000000000001e-07
armadillo,309,512,242.7625520887361,3.34e-07
armadillo,310,512,262.75758050814341,3.7500000000000001e-07
armadillo,311,512,256.08244169121383,3.3299999999999998e-07
armadillo,312,512,257.42163602587721,2.9200000000000002e-07
armadillo,313,512,240.70937541893505,3.7500000000000001e-07
armadillo,314,512,253.24611602641866,2.91e-07
armadillo,315,512,255.43302637066853,3.3299999999999998e-07
armadillo,316,512,249.06171208730763,2.9200000000000002e-07
armadillo,317,512,256.34292504402123,3.34e-07
armadillo,318,512,247.2507183146358,4.1699999999999999e-07
armadillo,319,512,244.78925405491916,2.91e-07
armadillo,320,512,254.38424490627554,3.3299999999999998e-07
armadillo,321,512,260.59280266943534,2.9200000000000002e-07
armadillo,322,512,251.5782300840865,3.7500000000000001e-07
armadillo,323,512,259.73041632159089,4.1600000000000002e-07
armadillo,324,512,250.09135530619491,3.34e-07
armadillo,325,512,246.56720519340331,3.34e-07
armadillo,326,512,250.67794590053018,2.9200000000000002e-07
armadillo,327,512,260.59321702344079,3.3299999999999998e-07
armadillo,328,512,261.31530937016373,2.91e-07
armadillo,329,512,255.17936865602019,3.3299999999999998e-07
armadillo,330,512,253.25469571025491,3.7500000000000001e-07
armadillo,331,512,250.46274411333206,3.3299999999999998e-07
armadillo,332,512,254.14606226462337,3.3299999999999998e-07
armadillo,333,512,255.45594833207934,3.7500000000000001e-07
armadillo,334,512,265.59718294953962,3.34e-07
armadillo,335,512,250.66921975500225,2.9200000000000002e-07
armadillo,336,512,258.59277327620697,3.3299999999999998e-07
armadillo,337,512,246.92659443073171,2.91e-07
armadillo,338,512,256.28573756155851,3.7500000000000001e-07
armadillo,339,512,252.82123517570489,3.34e-07
armadillo,340,512,250.42616713049168,3.7500000000000001e-07
armadillo,341,512,254.56379503296526,3.3299999999999998e-07
armadillo,342,512,247.23958850626673,3.7500000000000001e-07
armadillo,343,512,255.03128743341171,3.3299999999999998e-07
armadillo,344,512,257.1652566666819,2.91e-07
armadillo,345,512,259.82712871193121,3.3299999999999998e-07
armadillo,346,512,253.60447162380422,3.3299999999999998e-07
armadillo,347,512,261.00029720921714,3.34e-07
armadillo,348,512,256.45407048849597,3.34e-07
armadillo,349,512,257.63967533483071,3.3299999999999998e-07
armadillo,350,512,258.26458202829804,4.1600000000000002e-07
armadillo,351,512,254.84952923322828,2.9200000000000002e-07
armadillo,352,512,264.20449399985841,3.34e-07
armadillo,353,512,256.20413348833608,4.1699999999999999e-07
armadillo,354,512,262.77625685804833,3.3299999999999998e-07
armadillo,355,512,251.84648649642247,3.3299999999999998e-07
armadillo,356,512,248.44115950778829,3.7500000000000001e-07
armadillo,357,512,259.61505346448575,4.1600000000000002e-07
armadillo,358,512,265.06621973761173,2.9200000000000002e-07
armadillo,359,512,263.97179486171632,3.7500000000000001e-07
armadillo,360,512,261.35642434321335,2.91e-07
armadillo,361,512,254.86908890659265,3.3299999999999998e-07
armadillo,362,512,265.37249643017134,3.3299999999999998e-07
armadillo,363,512,258.58439988718675,3.7500000000000001e-07
armadillo,364,512,260.0999678012368,3.3299999999999998e-07
armadillo,365,512,253.2464617946423,2.91e-07
armadillo,366,512,255.05349122406236,3.3299999999999998e-07
armadillo,367,512,257.99403334112526,2.9200000000000002e-07
armadillo,368,512,250.51461260575263,3.34e-07
armadillo,369,512,253.84368814300552,3.34e-07
armadillo,370,512,260.17918966432774,3.3299999999999998e-07
armadillo,371,512,250.77555695016633,3.3299999999999998e-07
armadillo,372,512,260.1773797230926,3.3299999999999998e-07
armadillo,373,512,255.12221033385467,3.3299999999999998e-07
armadillo,374,512,250.76977031431059,2.9200000000000002e-07
armadillo,375,512,248.71614011575949,3.34e-07
armadillo,376,512,250.30238934641443,2.9200000000000002e-07
armadillo,377,512,249.37581500026511,4.5900000000000002e-07
armadillo,378,512,256.71009534239056,3.7500000000000001e-07
armadillo,379,512,259.39067758280447,3.7500000000000001e-07
armadillo,380,512,250.47250419932578,4.1699999999999999e-07
armadillo,381,512,265.00829956982432,3.3299999999999998e-07
armadillo,382,512,258.40640539412863,4.1600000000000002e-07
armadillo,383,512,254.36517986343205,2.9200000000000002e-07
armadillo,384,512,250.12230250683331,3.7500000000000001e-07
armadillo,385,512,253.83643627477147,3.3299999999999998e-07
armadillo,386,512,256.55694284222352,3.7500000000000001e-07
armadillo,387,512,261.3127589287667,3.34e-07
armadillo,388,512,254.48643124105701,3.7500000000000001e-07
armadillo,389,512,247.04953684406124,3.7500000000000001e-07
armadillo,390,512,252.1670805581191,3.7500000000000001e-07
armadillo,391,512,251.69094128761685,3.34e-07
armadillo,392,512,257.78456362530619,4.1699999999999999e-07
armadillo,393,512,245.99611912492009,3.7500000000000001e-07
armadillo,394,512,250.17897067092358,3.7500000000000001e-07
armadillo,395,512,255.50348843777599,3.3299999999999998e-07
armadillo,396,512,252.96583241981665,3.7500000000000001e-07
armadillo,397,512,262.12479756626226,3.34e-07
armadillo,398,512,244.83128361609312,3.7500000000000001e-07
armadillo,399,512,268.01753647077737,3.3299999999999998e-07
armadillo,400,512,249.86843618977295,2.9200000000000002e-07
armadillo,401,512,251.36556365018816,3.34e-07
armadillo,402,512,249.39206047578182,4.1699999999999999e-07
armadillo,403,512,269.21668887280111,2.91e-07
armadillo,404,512,259.05623166851217,3.3299999999999998e-07
armadillo,405,512,258.75773949043446,2.9200000000000002e-07
armadillo,406,512,256.94101702096174,3.7500000000000001e-07
armadillo,407,512,252.68489816309412,4.1600000000000002e-07
armadillo,408,512,254.49737682273769,3.34e-07
armadillo,409,512,251.92120988521634,4.1699999999999999e-07
armadillo,410,512,257.31765188089889,2.91e-07
armadillo,411,512,259.60885278987678,3.3299999999999998e-07
armadillo,412,512,242.81191585842089,2.9200000000000002e-07
armadillo,413,512,250.11821676783268,3.7500000000000001e-07
armadillo,414,512,250.22454478352944,4.1600000000000002e-07
armadillo,415,512,258.17764023152722,3.7500000000000001e-07
armadillo,416,512,257.19534857402596,3.3299999999999998e-07
armadillo,417,512,239.98268929430517,3.7500000000000001e-07
armadillo,418,512,259.36299619107393,3.7500000000000001e-07
armadillo,419,512,256.95713460516833,2.91e-07
armadillo,420,512,259.60984782315427,3.7500000000000001e-07
armadillo,421,512,254.48066669809072,3.34e-07
armadillo,422,512,253.49245368250166,3.7500000000000001e-07
armadillo,423,512,249.61822593200338,3.3299999999999998e-07
armadillo,424,512,265.62769922057646,3.7500000000000001e-07
armadillo,425,512,256.39705326738181,3.7500000000000001e-07
armadillo,426,512,241.03191649076169,4.1699999999999999e-07
armadillo,427,512,262.85078989564028,3.7500000000000001e-07
armadillo,428,512,256.8106486000712,3.3299999999999998e-07
armadillo,429,512,250.28405662792659,3.3299999999999998e-07
armadillo,430,512,254.21704311098469,3.7500000000000001e-07
armadillo,431,512,260.59376041851692,3.3299999999999998e-07
armadillo,432,512,246.52421319673311,3.7500000000000001e-07
armadillo,433,512,251.66575955254916,3.34e-07
armadillo,434,512,262.05309286876218,2.9200000000000002e-07
armadillo,435,512,259.34738375365566,3.7500000000000001e-07
armadillo,436,512,253.48179261105878,4.1699999999999999e-07
armadillo,437,512,267.40069312473969,3.3299999999999998e-07
armadillo,438,512,259.86093711723777,3.3299999999999998e-07
armadillo,439,512,268.67031156400617,3.7500000000000001e-07
armadillo,440,512,248.56849587846213,3.34e-07
armadillo,441,512,257.25037529209931,2.9200000000000002e-07
armadillo,442,512,247.79480824264053,3.7500000000000001e-07
armadillo,443,512,256.24244426343961,4.1699999999999999e-07
armadillo,444,512,255.10888563718154,3.3299999999999998e-07
armadillo,445,512,259.12524608367937,4.1600000000000002e-07
armadillo,446,512,252.13974069716028,2.9200000000000002e-07
armadillo,447,512,250.27605936519973,3.34e-07
armadillo,448,512,260.11491813855679,3.7500000000000001e-07
armadillo,449,512,250.22499283915397,3.3299999999999998e-07
armadillo,450,512,249.52159574811759,3.3299999999999998e-07
armadillo,451,512,252.62453949263002,2.9200000000000002e-07
armadillo,452,512,265.82579874105477,4.1699999999999999e-07
armadillo,453,512,246.94599606093013,3.7500000000000001e-07
armadillo,454,512,255.34966664298742,3.7500000000000001e-07
armadillo,455,512,259.53604748911016,3.3299999999999998e-07
armadillo,456,512,265.91635077764101,3.7500000000000001e-07
armadillo,457,512,239.98271545387576,3.34e-07
armadillo,458,512,256.57332924954773,2.9200000000000002e-07
armadillo,459,512,240.23894103273278,3.3299999999999998e-07
armadillo,460,512,259.53936991843545,2.91e-07
armadillo,461,512,252.44802122220833,3.3299999999999998e-07
armadillo,462,512,251.45101850322217,2.9200000000000002e-07
armadillo,463,512,262.59625355084432,3.7500000000000001e-07
armadillo,464,512,256.05939529043775,3.3299999999999998e-07
armadillo,465,512,259.78775378063483,3.7500000000000001e-07
armadillo,466,512,263.05735061408916,4.1600000000000002e-07
armadillo,467,512,255.75127870804857,4.1699999999999999e-07
armadillo,468,512,259.62303835875383,3.7500000000000001e-07
armadillo,469,512,262.96367078929393,3.3299999999999998e-07
armadillo,470,512,250.5103105447717,4.1600000000000002e-07
armadillo,471,512,253.71233349298183,2.9200000000000002e-07
armadillo,472,512,258.78400228032649,3.34e-07
armadillo,473,512,253.67565942987648,3.34e-07
armadillo,474,512,258.17528493847431,4.1699999999999999e-07
armadillo,475,512,257.88239837640924,3.7500000000000001e-07
armadillo,476,512,247.46950587711817,3.34e-07
armadillo,477,512,257.80178741134409,2.9200000000000002e-07
armadillo,478,512,254.04584292679345,3.7500000000000001e-07
armadillo,479,512,269.13749988430641,4.1699999999999999e-07
armadillo,480,512,260.68376591088281,3.7500000000000001e-07
armadillo,481,512,264.32786147400998,3.3299999999999998e-07
armadillo,482,512,245.66176014333109,3.34e-07
armadillo,483,512,264.91996701013818,3.7500000000000001e-07
armadillo,484,512,250.12007127312123,3.3299999999999998e-07
armadillo,485,512,249.10152007932552,3.7500000000000001e-07
armadillo,486,512,267.49722281460197,3.7500000000000001e-07
armadillo,487,512,246.11286778525448,4.1699999999999999e-07
armadillo,488,512,252.21717014073857,3.3299999999999998e-07
armadillo,489,512,253.52379962370435,4.1600000000000002e-07
armadillo,490,512,264.99730077569967,3.7500000000000001e-07
armadillo,491,512,252.70990433445658,3.7500000000000001e-07
armadillo,492,512,253.80209469650572,3.7500000000000001e-07
armadillo,493,512,251.32048275984155,3.3299999999999998e-07
armadillo,494,512,255.08231707198965,2.9200000000000002e-07
armadillo,495,512,258.9658369749551,3.34e-07
armadillo,496,512,244.59697221853355,3.34e-07
armadillo,497,512,246.77691649844087,3.7500000000000001e-07
armadillo,498,512,250.56506612779987,4.1699999999999999e-07
armadillo,499,512,254.56059861357522,2.9200000000000002e-07
armadillo,500,512,254.15476760166209,3.7500000000000001e-07
armadillo,501,512,248.6918495454693,4.1699999999999999e-07
armadillo,502,512,267.84294395682525,3.3299999999999998e-07
armadillo,503,512,253.07062681669888,3.3299999999999998e-07
armadillo,504,512,267.6971150957296,3.7500000000000001e-07
armadillo,505,512,263.43736364005673,4.1699999999999999e-07
armadillo,506,512,261.99724208264149,3.3299999999999998e-07
armadillo,507,512,255.77513497006294,2.91e-07
armadillo,508,512,257.7738508921816,3.7500000000000001e-07
armadillo,509,512,264.59537687049664,3.34e-07
armadillo,510,512,245.31417609944569,3.3299999999999998e-07
armadillo,511,512,250.35357464516778,3.3299999999999998e-07
armadillo,512,512,256.54310020866353,3.3299999999999998e-07
kahan,1,2048,1017.3415999066387,1.2875e-05
kahan,2,2048,1015.5264635442163,1.2833000000000001e-05
kahan,3,2048,1005.532098541207,1.2917e-05
kahan,4,2048,1017.6551337825186,1.2916e-05
kahan,5,2048,1010.3366798027484,1.2791e-05
kahan,6,2048,1030.7189633793325,1.2958e-05
kahan,7,2048,1029.993113483049,1.3208e-05
kahan,8,2048,1003.4574829785777,1.2500000000000001e-05
kahan,9,2048,1037.1946721480283,1.2792000000000001e-05
kahan,10,2048,1026.6506264045854,1.2875e-05
kahan,11,2048,1017.172887698953,1.2916e-05
kahan,12,2048,1020.1821053859003,1.2833999999999999e-05
kahan,13,2048,1025.8934667772107,1.2584e-05
kahan,14,2048,1010.9773092553255,1.275e-05
kahan,15,2048,1024.1323915402779,1.2833000000000001e-05
kahan,16,2048,1023.4572234485902,1.2875e-05
kahan,17,2048,1022.4086824983081,1.2792000000000001e-05
kahan,18,2048,1011.0531121803062,1.2833999999999999e-05
kahan,19,2048,1012.6621584240854,1.2875e-05
kahan,20,2048,1015.6351586993179,1.2917e-05
kahan,21,2048,1017.0871217820251,1.2792000000000001e-05
kahan,22,2048,1020.6082824396233,1.2833000000000001e-05
kahan,23,2048,1039.7047183578316,1.2833999999999999e-05
kahan,24,2048,998.13652470800366,1.2833000000000001e-05
kahan,25,2048,1032.4080673457743,1.2875e-05
kahan,26,2048,1040.6366535582865,1.2875e-05
kahan,27,2048,1020.7523202260129,1.275e-05
kahan,28,2048,1036.2531720167133,1.2833999999999999e-05
kahan,29,2048,1008.2646040055058,1.2833000000000001e-05
kahan,30,2048,1018.1084040608272,1.2833000000000001e-05
kahan,31,2048,1046.510702725335,1.2833999999999999e-05
kahan,32,2048,1000.3990625123755,1.2833999999999999e-05
kahan,33,2048,1040.641946859183,1.2792000000000001e-05
kahan,34,2048,1017.3262433460721,1.2833000000000001e-05
kahan,35,2048,1052.7333223714365,1.2666e-05
kahan,36,2048,1015.2398320039447,1.2709e-05
kahan,37,2048,1037.4103327668024,1.275e-05
kahan,38,2048,1016.8749895553869,1.2833999999999999e-05
kahan,39,2048,1038.5336084694059,1.2625e-05
kahan,40,2048,1044.1978699294309,1.2707999999999999e-05
kahan,41,2048,1037.5384213464376,1.2833000000000001e-05
kahan,42,2048,1034.7388260570256,1.2792000000000001e-05
kahan,43,2048,1008.5119250944474,1.2792000000000001e-05
kahan,44,2048,1027.6863321806259,1.2666999999999999e-05
kahan,45,2048,1033.488308364108,1.2707999999999999e-05
kahan,46,2048,1047.5321741763339,1.2917e-05
kahan,47,2048,1038.8397232952807,1.275e-05
kahan,48,2048,1015.4164119157662,1.275e-05
kahan,49,2048,1012.0765485839411,1.2792000000000001e-05
kahan,50,2048,1029.7041357081412,1.2792000000000001e-05
kahan,51,2048,1013.1954066714247,1.2833000000000001e-05
kahan,52,2048,1021.5118147095446,1.2875e-05
kahan,53,2048,1026.9222568850164,1.2833000000000001e-05
kahan,54,2048,993.77076607628555,1.2917e-05
kahan,55,2048,1000.5102516365521,1.2833000000000001e-05
kahan,56,2048,1024.0448995558065,1.275e-05
kahan,57,2048,1018.0651044471318,1.2833000000000001e-05
kahan,58,2048,1029.5324081549948,1.2625e-05
kahan,59,2048,1022.355765893578,1.2666999999999999e-05
kahan,60,2048,1040.5228988907641,1.2958e-05
kahan,61,2048,1008.8767861605061,1.2792000000000001e-05
kahan,62,2048,1026.2000307954199,1.2833000000000001e-05
kahan,63,2048,1020.8352483003031,1.2833999999999999e-05
kahan,64,2048,1065.3513712466338,1.275e-05
kahan,65,2048,1053.0695591320091,1.2709e-05
kahan,66,2048,1012.0385460829021,1.275e-05
kahan,67,2048,1000.5605224384191,1.2875e-05
kahan,68,2048,1032.2834282884212,1.2833000000000001e-05
kahan,69,2048,1033.5250635785446,1.2791e-05
kahan,70,2048,1027.2641288892758,1.2833000000000001e-05
kahan,71,2048,1016.8644266986657,1.2875e-05
kahan,72,2048,1009.7626296294881,1.2625e-05
kahan,73,2048,1018.6505831169596,1.2625e-05
kahan,74,2048,1023.1958759011943,1.2875e-05
kahan,75,2048,1037.3325625383175,1.2833000000000001e-05
kahan,76,2048,1027.3352807687479,1.2791e-05
kahan,77,2048,1010.8772411074929,1.2875e-05
kahan,78,2048,1026.1566280644174,1.2833000000000001e-05
kahan,79,2048,1006.6029261567271,1.2875e-05
kahan,80,2048,1018.8640962652088,1.2791e-05
kahan,81,2048,1003.6874448235596,1.2792000000000001e-05
kahan,82,2048,1030.0742845294619,1.2958e-05
kahan,83,2048,1021.1074222406396,1.2875e-05
kahan,84,2048,1028.7957295734129,1.2917e-05
kahan,85,2048,1016.1241912289689,1.2666999999999999e-05
kahan,86,2048,1022.67159608679,1.2542e-05
kahan,87,2048,1004.3562998507573,1.2833000000000001e-05
kahan,88,2048,1031.2384306785391,1.2791e-05
kahan,89,2048,1037.1070641838116,1.2792000000000001e-05
kahan,90,2048,1061.5307956171705,1.2792000000000001e-05
kahan,91,2048,1017.3395507573674,1.2792000000000001e-05
kahan,92,2048,1032.9004066550708,1.2833999999999999e-05
kahan,93,2048,1013.3090225160753,1.2833000000000001e-05
kahan,94,2048,1018.6411539890098,1.2833999999999999e-05
kahan,95,2048,1037.0144889257526,1.2917e-05
kahan,96,2048,1030.2999750716556,1.2791e-05
kahan,97,2048,1017.8918683516226,1.2833000000000001e-05
kahan,98,2048,1017.4706965750372,1.2833000000000001e-05
kahan,99,2048,1019.8187789662761,1.2583e-05
kahan,100,2048,1022.4405187642885,1.2833999999999999e-05
kahan,101,2048,1046.4958457558996,1.275e-05
kahan,102,2048,1005.569160594808,1.2625e-05
kahan,103,2048,1067.7770362049193,1.2583e-05
kahan,104,2048,1026.3723663603541,1.2792000000000001e-05
kahan,105,2048,1017.2092948610365,1.2875e-05
kahan,106,2048,978.71616283866058,1.275e-05
kahan,107,2048,1019.5033315830019,1.275e-05
kahan,108,2048,1037.4550033377918,1.275e-05
kahan,109,2048,1016.7527767636927,1.2791e-05
kahan,110,2048,1039.1314386750121,1.2958e-05
kahan,111,2048,1032.7900470573684,1.2666999999999999e-05
kahan,112,2048,1011.6070524444011,1.275e-05
kahan,113,2048,1020.659277034417,1.2833000000000001e-05
kahan,114,2048,1041.9558830738163,1.2833000000000001e-05
kahan,115,2048,1029.1764065506263,1.2791e-05
kahan,116,2048,1010.4091898581742,1.275e-05
kahan,117,2048,1017.5319619974734,1.2833999999999999e-05
kahan,118,2048,1020.498391229075,1.275e-05
kahan,119,2048,1017.7244218175892,1.2541000000000001e-05
kahan,120,2048,1005.6482283244195,1.2666e-05
kahan,121,2048,1029.6899032318795,1.2625e-05
kahan,122,2048,1028.1468548442144,1.2625e-05
kahan,123,2048,1019.8049602526454,1.2500000000000001e-05
kahan,124,2048,1013.7905848293382,1.2625e-05
kahan,125,2048,1031.7986387580545,1.2584e-05
kahan,126,2048,1038.7412452974145,1.2542e-05
kahan,127,2048,1053.2572242035635,1.2792000000000001e-05
kahan,128,2048,986.03966086685125,1.2833999999999999e-05
kahan,129,2048,1023.9336670901489,1.2792000000000001e-05
kahan,130,2048,1007.0709856824872,1.2999999999999999e-05
kahan,131,2048,1032.4178945976407,1.2625e-05
kahan,132,2048,1037.0852532405027,1.275e-05
kahan,133,2048,1032.9926361016865,1.2833999999999999e-05
kahan,134,2048,1038.301420814076,1.2792000000000001e-05
kahan,135,2048,1015.5642452440637,1.2917e-05
kahan,136,2048,1019.5668184578639,1.2916e-05
kahan,137,2048,1018.7081601302655,1.2875e-05
kahan,138,2048,1024.7873199120511,1.2916e-05
kahan,139,2048,1040.0604749175945,1.2833000000000001e-05
kahan,140,2048,1035.7680901247572,1.2875e-05
kahan,141,2048,1045.4462888723504,1.2625e-05
kahan,142,2048,1039.6471717929569,1.2583e-05
kahan,143,2048,1020.5764841179332,1.2792000000000001e-05
kahan,144,2048,1026.5385892421182,1.2833000000000001e-05
kahan,145,2048,1014.1775174244485,1.2542e-05
kahan,146,2048,1031.006091496891,1.2792000000000001e-05
kahan,147,2048,1026.4817096337922,1.275e-05
kahan,148,2048,1028.8917006821177,1.2833999999999999e-05
kahan,149,2048,1039.5430434988314,1.2917e-05
kahan,150,2048,1010.8889108655894,1.275e-05
kahan,151,2048,1025.2889355508639,1.2792000000000001e-05
kahan,152,2048,1024.3123156440788,1.2791e-05
kahan,153,2048,1043.9317611309211,1.275e-05
kahan,154,2048,1014.5331279793066,1.2833000000000001e-05
kahan,155,2048,1013.1553101089063,1.2792000000000001e-05
kahan,156,2048,1008.6249221592935,1.2875e-05
kahan,157,2048,1016.8603146422282,2.4709e-05
kahan,158,2048,1046.8851357314479,1.275e-05
kahan,159,2048,1013.8537397277424,1.2459e-05
kahan,160,2048,1015.6856551333309,1.275e-05
kahan,161,2048,1021.9701039241023,1.2792000000000001e-05
kahan,162,2048,1002.5634621132616,1.2792000000000001e-05
kahan,163,2048,1021.9076540614886,1.2833999999999999e-05
kahan,164,2048,1032.7428823826783,1.2875e-05
kahan,165,2048,990.0587096127108,1.2833999999999999e-05
kahan,166,2048,1028.6689732183042,1.2792000000000001e-05
kahan,167,2048,1016.034232271737,1.2833000000000001e-05
kahan,168,2048,1017.8136776910674,1.2833999999999999e-05
kahan,169,2048,1018.0787769210755,1.2625e-05
kahan,170,2048,997.59859680192233,1.2791e-05
kahan,171,2048,1042.536787188279,1.2833999999999999e-05
kahan,172,2048,1008.1196562709868,1.2833000000000001e-05
kahan,173,2048,1019.7581126793643,1.2916e-05
kahan,174,2048,1005.3099479251142,1.2833000000000001e-05
kahan,175,2048,1022.8675761108492,1.2541000000000001e-05
kahan,176,2048,1027.9950887619004,1.2666999999999999e-05
kahan,177,2048,1034.5371468017338,1.275e-05
kahan,178,2048,1024.3697076928358,1.2792000000000001e-05
kahan,179,2048,1039.5480258147438,1.2833999999999999e-05
kahan,180,2048,1033.4317580810805,1.2709e-05
kahan,181,2048,1014.1655620597033,1.2959000000000001e-05
kahan,182,2048,1021.8857402551376,1.2875e-05
kahan,183,2048,1009.3542496153781,1.2833999999999999e-05
kahan,184,2048,1043.2277230660029,1.275e-05
kahan,185,2048,1040.0054235363325,1.2709e-05
kahan,186,2048,1022.9080011982034,1.2875e-05
kahan,187,2048,1010.7500087895397,1.2875e-05
kahan,188,2048,1019.437918544913,1.275e-05
kahan,189,2048,1033.6330040291339,1.2833999999999999e-05
kahan,190,2048,1032.1731786922405,1.2833999999999999e-05
kahan,191,2048,1017.3559176175286,1.2541000000000001e-05
kahan,192,2048,1019.8335818572618,1.2709e-05
kahan,193,2048,1024.9610071396651,1.2792000000000001e-05
kahan,194,2048,1022.8390570815193,1.275e-05
kahan,195,2048,1005.4938289429434,1.2875e-05
kahan,196,2048,1030.1241871378354,1.2833000000000001e-05
kahan,197,2048,1026.0518074007559,1.2833999999999999e-05
kahan,198,2048,1036.5349689703155,1.2833999999999999e-05
kahan,199,2048,1023.215831926502,1.2791e-05
kahan,200,2048,1052.5157728896538,1.2792000000000001e-05
kahan,201,2048,1025.417763096754,1.2707999999999999e-05
kahan,202,2048,1024.3558912780734,1.2792000000000001e-05
kahan,203,2048,1007.7641491343986,1.2792000000000001e-05
kahan,204,2048,1019.3726609412936,1.2707999999999999e-05
kahan,205,2048,1022.2885353089109,1.2833000000000001e-05
kahan,206,2048,1007.0229982972959,1.2583e-05
kahan,207,2048,1026.8239122481716,1.2417e-05
kahan,208,2048,1031.7782854214363,1.2833000000000001e-05
kahan,209,2048,1039.5850122271252,1.275e-05
kahan,210,2048,1029.9671010425441,1.2792000000000001e-05
kahan,211,2048,1013.8662664518558,1.2833000000000001e-05
kahan,212,2048,1019.1831347976395,1.2792000000000001e-05
kahan,213,2048,1018.6911367135369,1.2792000000000001e-05
kahan,214,2048,1023.7092147384686,1.2791e-05
kahan,215,2048,1025.2982463796527,1.2707999999999999e-05
kahan,216,2048,988.35927809547138,1.2875e-05
kahan,217,2048,1029.9512098986247,1.2791e-05
kahan,218,2048,1015.992473714961,1.2875e-05
kahan,219,2048,1046.5918437337582,1.275e-05
kahan,220,2048,1026.6155856257792,1.2625e-05
kahan,221,2048,1027.6455145975751,1.2500000000000001e-05
kahan,222,2048,1013.8651474448485,1.2875e-05
kahan,223,2048,1016.9496961050312,1.2709e-05
kahan,224,2048,1022.6791878870796,1.275e-05
kahan,225,2048,1014.672288544449,1.2833000000000001e-05
kahan,226,2048,1000.467521236044,1.275e-05
kahan,227,2048,1004.7509422688513,1.2792000000000001e-05
kahan,228,2048,1033.4120952250303,1.2791e-05
kahan,229,2048,1020.7747854135955,1.275e-05
kahan,230,2048,1026.7975973451496,1.2833000000000001e-05
kahan,231,2048,1038.7605452142366,1.2709e-05
kahan,232,2048,1027.387841479047,1.2833999999999999e-05
kahan,233,2048,1020.1723224592029,1.2792000000000001e-05
kahan,234,2048,1035.7492973854935,1.275e-05
kahan,235,2048,1022.151731921135,1.2583e-05
kahan,236,2048,1005.8032121403309,1.2541000000000001e-05
kahan,237,2048,1021.899824012449,1.2459e-05
kahan,238,2048,1034.4057802458694,1.2500000000000001e-05
kahan,239,2048,1015.0344119189895,1.2875e-05
kahan,240,2048,1014.0089264617785,1.2666999999999999e-05
kahan,241,2048,1018.5074759427728,1.2875e-05
kahan,242,2048,1002.1917674824277,1.2792000000000001e-05
kahan,243,2048,1019.4656172202283,1.2707999999999999e-05
kahan,244,2048,1026.5661751765711,1.2833999999999999e-05
kahan,245,2048,991.87328568196631,1.275e-05
kahan,246,2048,997.10390568355683,1.2666999999999999e-05
kahan,247,2048,1031.1036789735933,1.275e-05
kahan,248,2048,1031.9597378739961,1.275e-05
kahan,249,2048,1010.7862707805195,1.2792000000000001e-05
kahan,250,2048,1028.4266033209817,1.2709e-05
kahan,251,2048,1016.722899497346,1.2833999999999999e-05
kahan,252,2048,1001.9453995336299,1.2707999999999999e-05
kahan,253,2048,1029.3237827357837,1.2500000000000001e-05
kahan,254,2048,1037.8338725743984,1.2625e-05
kahan,255,2048,1028.651039495805,1.275e-05
kahan,256,2048,995.07340717272962,1.2792000000000001e-05
pairwise,1,2048,1017.3415999066387,1.2079999999999999e-06
pairwise,2,2048,1015.5264635442163,1.083e-06
pairwise,3,2048,1005.532098541207,1.0410000000000001e-06
pairwise,4,2048,1017.6551337825185,1.0419999999999999e-06
pairwise,5,2048,1010.3366798027484,1.0410000000000001e-06
pairwise,6,2048,1030.7189633793325,1.0419999999999999e-06
pairwise,7,2048,1029.993113483049,1.0419999999999999e-06
pairwise,8,2048,1003.4574829785777,1.0419999999999999e-06
pairwise,9,2048,1037.1946721480281,1.1659999999999999e-06
pairwise,10,2048,1026.6506264045854,1.0419999999999999e-06
pairwise,11,2048,1017.172887698953,1.0419999999999999e-06
pairwise,12,2048,1020.1821053859003,1.0419999999999999e-06
pairwise,13,2048,1025.8934667772107,1.0410000000000001e-06
pairwise,14,2048,1010.9773092553254,1.0419999999999999e-06
pairwise,15,2048,1024.1323915402779,1.0419999999999999e-06
pairwise,16,2048,1023.4572234485901,1.125e-06
pairwise,17,2048,1022.4086824983081,1.0410000000000001e-06
pairwise,18,2048,1011.0531121803065,1.0410000000000001e-06
pairwise,19,2048,1012.6621584240854,1.0419999999999999e-06
pairwise,20,2048,1015.6351586993179,1.0410000000000001e-06
pairwise,21,2048,1017.0871217820251,1.0410000000000001e-06
pairwise,22,2048,1020.6082824396233,1.0419999999999999e-06
pairwise,23,2048,1039.7047183578316,9.9999999999999995e-07
pairwise,24,2048,998.13652470800366,1.0410000000000001e-06
pairwise,25,2048,1032.4080673457743,1.0419999999999999e-06
pairwise,26,2048,1040.6366535582865,9.9999999999999995e-07
pairwise,27,2048,1020.7523202260127,1.0419999999999999e-06
pairwise,28,2048,1036.2531720167135,1.0419999999999999e-06
pairwise,29,2048,1008.2646040055058,1.0410000000000001e-06
pairwise,30,2048,1018.1084040608271,1.167e-06
pairwise,31,2048,1046.5107027253348,1.0410000000000001e-06
pairwise,32,2048,1000.3990625123754,1.125e-06
pairwise,33,2048,1040.641946859183,1.0419999999999999e-06
pairwise,34,2048,1017.326243346072,1.0419999999999999e-06
pairwise,35,2048,1052.7333223714365,9.9999999999999995e-07
pairwise,36,2048,1015.2398320039447,1.083e-06
pairwise,37,2048,1037.4103327668024,1.0419999999999999e-06
pairwise,38,2048,1016.8749895553869,1.0410000000000001e-06
pairwise,39,2048,1038.5336084694059,1.0419999999999999e-06
pairwise,40,2048,1044.1978699294309,1.0410000000000001e-06
pairwise,41,2048,1037.5384213464376,1.0419999999999999e-06
pairwise,42,2048,1034.7388260570256,9.9999999999999995e-07
pairwise,43,2048,1008.5119250944474,1.167e-06
pairwise,44,2048,1027.6863321806259,1.0410000000000001e-06
pairwise,45,2048,1033.488308364108,1.0419999999999999e-06
pairwise,46,2048,1047.5321741763339,1.0419999999999999e-06
pairwise,47,2048,1038.8397232952807,1.0410000000000001e-06
pairwise,48,2048,1015.4164119157662,1.0419999999999999e-06
pairwise,49,2048,1012.076548583941,1.0839999999999999e-06
pairwise,50,2048,1029.7041357081412,1.083e-06
pairwise,51,2048,1013.1954066714247,1.0419999999999999e-06
pairwise,52,2048,1021.5118147095448,1.0419999999999999e-06
pairwise,53,2048,1026.9222568850164,1.0419999999999999e-06
pairwise,54,2048,993.77076607628555,1.0410000000000001e-06
pairwise,55,2048,1000.5102516365521,1.0419999999999999e-06
pairwise,56,2048,1024.0448995558068,1.0419999999999999e-06
pairwise,57,2048,1018.0651044471317,1.0410000000000001e-06
pairwise,58,2048,1029.5324081549948,1.167e-06
pairwise,59,2048,1022.3557658935781,1.0410000000000001e-06
pairwise,60,2048,1040.5228988907641,1.0419999999999999e-06
pairwise,61,2048,1008.8767861605061,1.0419999999999999e-06
pairwise,62,2048,1026.2000307954199,1.0419999999999999e-06
pairwise,63,2048,1020.835248300303,9.9999999999999995e-07
pairwise,64,2048,1065.351371246634,1.0419999999999999e-06
pairwise,65,2048,1053.0695591320091,1.0419999999999999e-06
pairwise,66,2048,1012.038546082902,1.0410000000000001e-06
pairwise,67,2048,1000.560522438419,1.0419999999999999e-06
pairwise,68,2048,1032.2834282884212,1.0419999999999999e-06
pairwise,69,2048,1033.5250635785446,9.9999999999999995e-07
pairwise,70,2048,1027.2641288892755,1.0419999999999999e-06
pairwise,71,2048,1016.8644266986657,1.0410000000000001e-06
pairwise,72,2048,1009.7626296294881,1.0419999999999999e-06
pairwise,73,2048,1018.6505831169596,1.0419999999999999e-06
pairwise,74,2048,1023.1958759011943,1.083e-06
pairwise,75,2048,1037.3325625383175,1.0419999999999999e-06
pairwise,76,2048,1027.3352807687479,1.167e-06
pairwise,77,2048,1010.8772411074929,1.0419999999999999e-06
pairwise,78,2048,1026.1566280644174,1.0410000000000001e-06
pairwise,79,2048,1006.6029261567271,1.0419999999999999e-06
pairwise,80,2048,1018.8640962652087,1.0419999999999999e-06
pairwise,81,2048,1003.6874448235596,1.0419999999999999e-06
pairwise,82,2048,1030.0742845294617,1.0419999999999999e-06
pairwise,83,2048,1021.1074222406398,1.0419999999999999e-06
pairwise,84,2048,1028.7957295734132,1.0419999999999999e-06
pairwise,85,2048,1016.124191228969,1.0410000000000001e-06
pairwise,86,2048,1022.67159608679,1.0419999999999999e-06
pairwise,87,2048,1004.3562998507573,1.0410000000000001e-06
pairwise,88,2048,1031.2384306785389,1.167e-06
pairwise,89,2048,1037.1070641838116,1.0419999999999999e-06
pairwise,90,2048,1061.5307956171705,1.0419999999999999e-06
pairwise,91,2048,1017.3395507573675,1.0419999999999999e-06
pairwise,92,2048,1032.9004066550706,1.125e-06
pairwise,93,2048,1013.3090225160753,1.0410000000000001e-06
pairwise,94,2048,1018.6411539890099,1.0419999999999999e-06
pairwise,95,2048,1037.0144889257526,1.0410000000000001e-06
pairwise,96,2048,1030.2999750716556,1.0419999999999999e-06
pairwise,97,2048,1017.8918683516226,1.0419999999999999e-06
pairwise,98,2048,1017.4706965750371,1.0410000000000001e-06
pairwise,99,2048,1019.8187789662761,1.0410000000000001e-06
pairwise,100,2048,1022.4405187642885,9.9999999999999995e-07
pairwise,101,2048,1046.4958457558996,1.0419999999999999e-06
pairwise,102,2048,1005.5691605948077,1.0410000000000001e-06
pairwise,103,2048,1067.7770362049193,1.0419999999999999e-06
pairwise,104,2048,1026.3723663603541,1.0410000000000001e-06
pairwise,105,2048,1017.2092948610364,9.9999999999999995e-07
pairwise,106,2048,978.71616283866058,1.0419999999999999e-06
pairwise,107,2048,1019.5033315830019,1.125e-06
pairwise,108,2048,1037.4550033377918,1.0410000000000001e-06
pairwise,109,2048,1016.7527767636927,1.0419999999999999e-06
pairwise,110,2048,1039.1314386750121,1.0419999999999999e-06
pairwise,111,2048,1032.7900470573684,1.0410000000000001e-06
pairwise,112,2048,1011.6070524444012,1.0419999999999999e-06
pairwise,113,2048,1020.6592770344171,1.0410000000000001e-06
pairwise,114,2048,1041.955883073816,1.0419999999999999e-06
pairwise,115,2048,1029.1764065506263,1.0419999999999999e-06
pairwise,116,2048,1010.4091898581742,1.0419999999999999e-06
pairwise,117,2048,1017.5319619974732,9.9999999999999995e-07
pairwise,118,2048,1020.498391229075,1.0419999999999999e-06
pairwise,119,2048,1017.7244218175894,1.0410000000000001e-06
pairwise,120,2048,1005.6482283244195,1.125e-06
pairwise,121,2048,1029.6899032318795,1.0419999999999999e-06
pairwise,122,2048,1028.1468548442144,1.0410000000000001e-06
pairwise,123,2048,1019.8049602526453,1.0419999999999999e-06
pairwise,124,2048,1013.7905848293383,9.9999999999999995e-07
pairwise,125,2048,1031.7986387580545,1.0419999999999999e-06
pairwise,126,2048,1038.7412452974145,1.0410000000000001e-06
pairwise,127,2048,1053.2572242035635,1.0419999999999999e-06
pairwise,128,2048,986.03966086685114,1.0410000000000001e-06
pairwise,129,2048,1023.9336670901488,1.209e-06
pairwise,130,2048,1007.0709856824872,1.0410000000000001e-06
pairwise,131,2048,1032.4178945976407,1.0419999999999999e-06
pairwise,132,2048,1037.0852532405027,1.083e-06
pairwise,133,2048,1032.9926361016865,9.9999999999999995e-07
pairwise,134,2048,1038.301420814076,1.0419999999999999e-06
pairwise,135,2048,1015.5642452440636,1.0410000000000001e-06
pairwise,136,2048,1019.5668184578639,1.0419999999999999e-06
pairwise,137,2048,1018.7081601302654,1.167e-06
pairwise,138,2048,1024.7873199120511,1.0410000000000001e-06
pairwise,139,2048,1040.0604749175945,1.167e-06
pairwise,140,2048,1035.7680901247572,1.0410000000000001e-06
pairwise,141,2048,1045.4462888723506,1.0419999999999999e-06
pairwise,142,2048,1039.6471717929569,1.083e-06
pairwise,143,2048,1020.5764841179332,9.9999999999999995e-07
pairwise,144,2048,1026.5385892421182,1.0410000000000001e-06
pairwise,145,2048,1014.1775174244485,1.0419999999999999e-06
pairwise,146,2048,1031.006091496891,1.0419999999999999e-06
pairwise,147,2048,1026.481709633792,1.0419999999999999e-06
pairwise,148,2048,1028.891700682118,1.0410000000000001e-06
pairwise,149,2048,1039.5430434988314,9.9999999999999995e-07
pairwise,150,2048,1010.8889108655894,1.0419999999999999e-06
pairwise,151,2048,1025.2889355508639,1.1659999999999999e-06
pairwise,152,2048,1024.3123156440788,9.9999999999999995e-07
pairwise,153,2048,1043.9317611309211,1.0419999999999999e-06
pairwise,154,2048,1014.5331279793066,1.0410000000000001e-06
pairwise,155,2048,1013.1553101089063,9.9999999999999995e-07
pairwise,156,2048,1008.6249221592934,1.0410000000000001e-06
pairwise,157,2048,1016.8603146422282,1.0419999999999999e-06
pairwise,158,2048,1046.8851357314481,9.9999999999999995e-07
pairwise,159,2048,1013.8537397277423,1.0419999999999999e-06
pairwise,160,2048,1015.685655133331,1.0410000000000001e-06
pairwise,161,2048,1021.9701039241022,1.0419999999999999e-06
pairwise,162,2048,1002.5634621132616,1.0419999999999999e-06
pairwise,163,2048,1021.9076540614888,1.0419999999999999e-06
pairwise,164,2048,1032.7428823826781,1.0419999999999999e-06
pairwise,165,2048,990.05870961271091,1.0419999999999999e-06
pairwise,166,2048,1028.6689732183042,1.0410000000000001e-06
pairwise,167,2048,1016.034232271737,1.167e-06
pairwise,168,2048,1017.8136776910674,9.9999999999999995e-07
pairwise,169,2048,1018.0787769210754,1.167e-06
pairwise,170,2048,997.59859680192244,1.0410000000000001e-06
pairwise,171,2048,1042.536787188279,1.0419999999999999e-06
pairwise,172,2048,1008.1196562709868,1.0410000000000001e-06
pairwise,173,2048,1019.7581126793642,1.0419999999999999e-06
pairwise,174,2048,1005.3099479251143,1.0419999999999999e-06
pairwise,175,2048,1022.8675761108492,1.0410000000000001e-06
pairwise,176,2048,1027.9950887619004,1.0419999999999999e-06
pairwise,177,2048,1034.537146801734,1.0419999999999999e-06
pairwise,178,2048,1024.3697076928356,1.0410000000000001e-06
pairwise,179,2048,1039.5480258147438,1.0419999999999999e-06
pairwise,180,2048,1033.4317580810807,1.0419999999999999e-06
pairwise,181,2048,1014.1655620597035,1.0410000000000001e-06
pairwise,182,2048,1021.8857402551375,1.0410000000000001e-06
pairwise,183,2048,1009.3542496153781,1.0419999999999999e-06
pairwise,184,2048,1043.2277230660029,1.0419999999999999e-06
pairwise,185,2048,1040.0054235363323,9.9999999999999995e-07
pairwise,186,2048,1022.9080011982034,1.0410000000000001e-06
pairwise,187,2048,1010.7500087895396,1.0419999999999999e-06
pairwise,188,2048,1019.437918544913,1.0419999999999999e-06
pairwise,189,2048,1033.6330040291339,1.0419999999999999e-06
pairwise,190,2048,1032.1731786922405,1.0419999999999999e-06
pairwise,191,2048,1017.3559176175285,1.0419999999999999e-06
pairwise,192,2048,1019.8335818572619,1.0410000000000001e-06
pairwise,193,2048,1024.9610071396651,1.0419999999999999e-06
pairwise,194,2048,1022.8390570815193,1.0419999999999999e-06
pairwise,195,2048,1005.4938289429434,1.0410000000000001e-06
pairwise,196,2048,1030.1241871378356,1.0419999999999999e-06
pairwise,197,2048,1026.0518074007559,1.0410000000000001e-06
pairwise,198,2048,1036.5349689703155,9.9999999999999995e-07
pairwise,199,2048,1023.215831926502,9.5799999999999998e-07
pairwise,200,2048,1052.5157728896538,1.0410000000000001e-06
pairwise,201,2048,1025.417763096754,1.0419999999999999e-06
pairwise,202,2048,1024.3558912780734,1.1659999999999999e-06
pairwise,203,2048,1007.7641491343986,9.9999999999999995e-07
pairwise,204,2048,1019.3726609412936,1.0410000000000001e-06
pairwise,205,2048,1022.2885353089109,1.0419999999999999e-06
pairwise,206,2048,1007.0229982972958,1.0410000000000001e-06
pairwise,207,2048,1026.8239122481718,1.0419999999999999e-06
pairwise,208,2048,1031.7782854214363,1.0419999999999999e-06
pairwise,209,2048,1039.5850122271254,1.0419999999999999e-06
pairwise,210,2048,1029.9671010425441,1.0419999999999999e-06
pairwise,211,2048,1013.8662664518557,1.0419999999999999e-06
pairwise,212,2048,1019.1831347976395,1.0410000000000001e-06
pairwise,213,2048,1018.6911367135369,1.0419999999999999e-06
pairwise,214,2048,1023.7092147384687,1.125e-06
pairwise,215,2048,1025.2982463796527,1.0419999999999999e-06
pairwise,216,2048,988.35927809547138,1.0839999999999999e-06
pairwise,217,2048,1029.9512098986245,1.0419999999999999e-06
pairwise,218,2048,1015.9924737149609,1.0419999999999999e-06
pairwise,219,2048,1046.5918437337582,1.0410000000000001e-06
pairwise,220,2048,1026.6155856257792,1.0419999999999999e-06
pairwise,221,2048,1027.6455145975754,1.0419999999999999e-06
pairwise,222,2048,1013.8651474448485,9.9999999999999995e-07
pairwise,223,2048,1016.9496961050312,9.9999999999999995e-07
pairwise,224,2048,1022.6791878870797,1.0410000000000001e-06
pairwise,225,2048,1014.672288544449,1.0419999999999999e-06
pairwise,226,2048,1000.4675212360439,1.0419999999999999e-06
pairwise,227,2048,1004.7509422688512,9.9999999999999995e-07
pairwise,228,2048,1033.4120952250303,1.167e-06
pairwise,229,2048,1020.7747854135956,1.0419999999999999e-06
pairwise,230,2048,1026.7975973451496,1.0410000000000001e-06
pairwise,231,2048,1038.7605452142366,1.0410000000000001e-06
pairwise,232,2048,1027.387841479047,1.0419999999999999e-06
pairwise,233,2048,1020.1723224592029,1.0419999999999999e-06
pairwise,234,2048,1035.7492973854937,1.0419999999999999e-06
pairwise,235,2048,1022.151731921135,1.0410000000000001e-06
pairwise,236,2048,1005.8032121403307,1.0419999999999999e-06
pairwise,237,2048,1021.899824012449,1.0419999999999999e-06
pairwise,238,2048,1034.4057802458692,1.0410000000000001e-06
pairwise,239,2048,1015.0344119189895,1.0419999999999999e-06
pairwise,240,2048,1014.0089264617786,1.0419999999999999e-06
pairwise,241,2048,1018.5074759427728,1.0419999999999999e-06
pairwise,242,2048,1002.1917674824277,1.167e-06
pairwise,243,2048,1019.4656172202283,1.0419999999999999e-06
pairwise,244,2048,1026.5661751765711,1.167e-06
pairwise,245,2048,991.87328568196631,1.0410000000000001e-06
pairwise,246,2048,997.10390568355683,9.9999999999999995e-07
pairwise,247,2048,1031.1036789735931,1.0410000000000001e-06
pairwise,248,2048,1031.9597378739961,1.0419999999999999e-06
pairwise,249,2048,1010.7862707805195,1.0410000000000001e-06
pairwise,250,2048,1028.4266033209817,1.0419999999999999e-06
pairwise,251,2048,1016.7228994973461,1.0419999999999999e-06
pairwise,252,2048,1001.9453995336299,1.0410000000000001e-06
pairwise,253,2048,1029.3237827357834,1.0419999999999999e-06
pairwise,254,2048,1037.8338725743984,1.0419999999999999e-06
pairwise,255,2048,1028.6510394958052,1.0419999999999999e-06
pairwise,256,2048,995.07340717272973,1.167e-06
armadillo,1,2048,1017.3415999066382,1.666e-06
armadillo,2,2048,1015.5264635442168,1.4580000000000001e-06
armadillo,3,2048,1005.5320985412066,1.5e-06
armadillo,4,2048,1017.6551337825183,1.5e-06
armadillo,5,2048,1010.3366798027474,1.5e-06
armadillo,6,2048,1030.7189633793323,1.5e-06
armadillo,7,2048,1029.9931134830488,1.5829999999999999e-06
armadillo,8,2048,1003.4574829785777,1.5e-06
armadillo,9,2048,1037.194672148029,1.4589999999999999e-06
armadillo,10,2048,1026.6506264045856,1.5e-06
armadillo,11,2048,1017.1728876989522,1.5e-06
armadillo,12,2048,1020.1821053859007,1.5e-06
armadillo,13,2048,1025.8934667772098,1.4589999999999999e-06
armadillo,14,2048,1010.9773092553258,1.5e-06
armadillo,15,2048,1024.1323915402768,1.4580000000000001e-06
armadillo,16,2048,1023.4572234485898,1.5e-06
armadillo,17,2048,1022.4086824983077,1.5e-06
armadillo,18,2048,1011.053112180307,1.5e-06
armadillo,19,2048,1012.6621584240858,1.5e-06
armadillo,20,2048,1015.6351586993178,1.542e-06
armadillo,21,2048,1017.0871217820243,1.75e-06
armadillo,22,2048,1020.6082824396237,1.6670000000000001e-06
armadillo,23,2048,1039.7047183578306,1.5829999999999999e-06
armadillo,24,2048,998.13652470800344,1.5409999999999999e-06
armadillo,25,2048,1032.4080673457747,1.5e-06
armadillo,26,2048,1040.6366535582861,1.4580000000000001e-06
armadillo,27,2048,1020.7523202260122,1.5e-06
armadillo,28,2048,1036.2531720167131,1.5e-06
armadillo,29,2048,1008.2646040055051,1.5e-06
armadillo,30,2048,1018.1084040608273,1.4580000000000001e-06
armadillo,31,2048,1046.5107027253348,1.5e-06
armadillo,32,2048,1000.399062512376,1.7090000000000001e-06
armadillo,33,2048,1040.6419468591839,1.584e-06
armadillo,34,2048,1017.3262433460718,1.542e-06
armadillo,35,2048,1052.7333223714368,1.4580000000000001e-06
armadillo,36,2048,1015.2398320039447,1.666e-06
armadillo,37,2048,1037.4103327668035,1.6670000000000001e-06
armadillo,38,2048,1016.8749895553869,1.5e-06
armadillo,39,2048,1038.5336084694054,1.5e-06
armadillo,40,2048,1044.1978699294311,1.5e-06
armadillo,41,2048,1037.5384213464379,1.5e-06
armadillo,42,2048,1034.7388260570244,1.5e-06
armadillo,43,2048,1008.5119250944465,1.5e-06
armadillo,44,2048,1027.6863321806259,1.542e-06
armadillo,45,2048,1033.4883083641082,1.584e-06
armadillo,46,2048,1047.5321741763337,1.5e-06
armadillo,47,2048,1038.8397232952802,1.5e-06
armadillo,48,2048,1015.416411915766,1.5e-06
armadillo,49,2048,1012.076548583941,1.4580000000000001e-06
armadillo,50,2048,1029.7041357081414,1.5e-06
armadillo,51,2048,1013.1954066714253,1.5e-06
armadillo,52,2048,1021.5118147095452,1.5e-06
armadillo,53,2048,1026.9222568850164,1.5e-06
armadillo,54,2048,993.77076607628487,1.5e-06
armadillo,55,2048,1000.5102516365525,1.584e-06
armadillo,56,2048,1024.0448995558063,1.5e-06
armadillo,57,2048,1018.0651044471322,1.5e-06
armadillo,58,2048,1029.5324081549952,1.5e-06
armadillo,59,2048,1022.355765893579,1.5829999999999999e-06
armadillo,60,2048,1040.5228988907634,1.5e-06
armadillo,61,2048,1008.8767861605058,1.5e-06
armadillo,62,2048,1026.2000307954199,1.5e-06
armadillo,63,2048,1020.8352483003032,1.6249999999999999e-06
armadillo,64,2048,1065.3513712466342,1.4580000000000001e-06
armadillo,65,2048,1053.0695591320089,1.542e-06
armadillo,66,2048,1012.038546082902,1.5e-06
armadillo,67,2048,1000.5605224384187,1.5e-06
armadillo,68,2048,1032.2834282884212,1.5e-06
armadillo,69,2048,1033.5250635785437,1.542e-06
armadillo,70,2048,1027.2641288892758,1.5829999999999999e-06
armadillo,71,2048,1016.8644266986661,1.5e-06
armadillo,72,2048,1009.7626296294889,1.5e-06
armadillo,73,2048,1018.6505831169596,1.542e-06
armadillo,74,2048,1023.1958759011945,1.5e-06
armadillo,75,2048,1037.3325625383177,1.5e-06
armadillo,76,2048,1027.3352807687479,1.5e-06
armadillo,77,2048,1010.8772411074924,1.5e-06
armadillo,78,2048,1026.1566280644167,1.5e-06
armadillo,79,2048,1006.6029261567278,1.4589999999999999e-06
armadillo,80,2048,1018.8640962652078,1.5e-06
armadillo,81,2048,1003.6874448235598,1.5e-06
armadillo,82,2048,1030.0742845294617,1.5e-06
armadillo,83,2048,1021.107422240638,1.4589999999999999e-06
armadillo,84,2048,1028.7957295734136,1.5e-06
armadillo,85,2048,1016.1241912289688,1.542e-06
armadillo,86,2048,1022.6715960867891,1.584e-06
armadillo,87,2048,1004.3562998507573,1.542e-06
armadillo,88,2048,1031.2384306785395,1.5e-06
armadillo,89,2048,1037.1070641838123,1.5e-06
armadillo,90,2048,1061.530795617171,1.5e-06
armadillo,91,2048,1017.3395507573671,1.5e-06
armadillo,92,2048,1032.9004066550715,1.5e-06
armadillo,93,2048,1013.3090225160754,1.4589999999999999e-06
armadillo,94,2048,1018.6411539890091,1.5e-06
armadillo,95,2048,1037.0144889257531,1.5e-06
armadillo,96,2048,1030.299975071656,1.5e-06
armadillo,97,2048,1017.8918683516227,1.5e-06
armadillo,98,2048,1017.4706965750368,1.5e-06
armadillo,99,2048,1019.8187789662768,1.5409999999999999e-06
armadillo,100,2048,1022.4405187642888,1.5e-06
armadillo,101,2048,1046.4958457558998,1.5e-06
armadillo,102,2048,1005.569160594808,1.5e-06
armadillo,103,2048,1067.7770362049189,1.5e-06
armadillo,104,2048,1026.3723663603537,1.75e-06
armadillo,105,2048,1017.2092948610367,1.5829999999999999e-06
armadillo,106,2048,978.71616283866001,1.5e-06
armadillo,107,2048,1019.5033315830019,1.5e-06
armadillo,108,2048,1037.4550033377916,1.5e-06
armadillo,109,2048,1016.7527767636932,1.708e-06
armadillo,110,2048,1039.1314386750116,1.542e-06
armadillo,111,2048,1032.7900470573693,1.6249999999999999e-06
armadillo,112,2048,1011.6070524444006,1.792e-06
armadillo,113,2048,1020.6592770344173,1.666e-06
armadillo,114,2048,1041.9558830738174,1.5e-06
armadillo,115,2048,1029.1764065506263,1.5e-06
armadillo,116,2048,1010.4091898581744,1.5e-06
armadillo,117,2048,1017.5319619974739,1.5e-06
armadillo,118,2048,1020.4983912290753,1.5e-06
armadillo,119,2048,1017.7244218175895,1.542e-06
armadillo,120,2048,1005.6482283244193,1.542e-06
armadillo,121,2048,1029.6899032318793,1.5829999999999999e-06
armadillo,122,2048,1028.146854844214,1.5e-06
armadillo,123,2048,1019.8049602526453,1.5e-06
armadillo,124,2048,1013.7905848293385,1.542e-06
armadillo,125,2048,1031.7986387580547,1.5e-06
armadillo,126,2048,1038.7412452974145,1.5e-06
armadillo,127,2048,1053.2572242035631,1.6249999999999999e-06
armadillo,128,2048,986.03966086684954,1.5e-06
armadillo,129,2048,1023.9336670901481,1.4589999999999999e-06
armadillo,130,2048,1007.0709856824869,1.5e-06
armadillo,131,2048,1032.417894597641,1.6249999999999999e-06
armadillo,132,2048,1037.0852532405022,1.5e-06
armadillo,133,2048,1032.9926361016862,1.5e-06
armadillo,134,2048,1038.3014208140764,1.5829999999999999e-06
armadillo,135,2048,1015.5642452440638,1.5e-06
armadillo,136,2048,1019.5668184578635,1.5e-06
armadillo,137,2048,1018.7081601302652,1.542e-06
armadillo,138,2048,1024.78731991205,1.5e-06
armadillo,139,2048,1040.0604749175945,1.4589999999999999e-06
armadillo,140,2048,1035.7680901247577,1.5e-06
armadillo,141,2048,1045.4462888723515,1.5829999999999999e-06
armadillo,142,2048,1039.6471717929571,1.5e-06
armadillo,143,2048,1020.5764841179331,1.4580000000000001e-06
armadillo,144,2048,1026.538589242118,1.542e-06
armadillo,145,2048,1014.177517424449,1.5e-06
armadillo,146,2048,1031.0060914968917,1.584e-06
armadillo,147,2048,1026.4817096337927,1.5e-06
armadillo,148,2048,1028.8917006821182,1.542e-06
armadillo,149,2048,1039.5430434988302,1.5e-06
armadillo,150,2048,1010.8889108655892,1.542e-06
armadillo,151,2048,1025.2889355508646,1.542e-06
armadillo,152,2048,1024.3123156440788,1.5e-06
armadillo,153,2048,1043.9317611309216,1.5829999999999999e-06
armadillo,154,2048,1014.5331279793073,1.4580000000000001e-06
armadillo,155,2048,1013.1553101089062,1.5409999999999999e-06
armadillo,156,2048,1008.6249221592946,1.5e-06
armadillo,157,2048,1016.8603146422283,1.5e-06
armadillo,158,2048,1046.8851357314479,1.542e-06
armadillo,159,2048,1013.8537397277432,1.5e-06
armadillo,160,2048,1015.6856551333315,1.584e-06
armadillo,161,2048,1021.9701039241041,1.5e-06
armadillo,162,2048,1002.5634621132619,1.5e-06
armadillo,163,2048,1021.907654061489,1.5409999999999999e-06
armadillo,164,2048,1032.7428823826772,1.5e-06
armadillo,165,2048,990.05870961271148,1.5e-06
armadillo,166,2048,1028.6689732183036,1.4589999999999999e-06
armadillo,167,2048,1016.0342322717368,1.5e-06
armadillo,168,2048,1017.8136776910671,1.5e-06
armadillo,169,2048,1018.0787769210756,1.5e-06
armadillo,170,2048,997.59859680192289,1.4589999999999999e-06
armadillo,171,2048,1042.53678718828,1.5829999999999999e-06
armadillo,172,2048,1008.1196562709874,1.5829999999999999e-06
armadillo,173,2048,1019.7581126793639,1.5e-06
armadillo,174,2048,1005.3099479251152,1.4580000000000001e-06
armadillo,175,2048,1022.8675761108491,1.5e-06
armadillo,176,2048,1027.9950887619018,1.5e-06
armadillo,177,2048,1034.5371468017333,1.5e-06
armadillo,178,2048,1024.3697076928354,1.5e-06
armadillo,179,2048,1039.5480258147438,1.5e-06
armadillo,180,2048,1033.4317580810805,1.5e-06
armadillo,181,2048,1014.1655620597028,1.5e-06
armadillo,182,2048,1021.8857402551369,1.5e-06
armadillo,183,2048,1009.3542496153786,1.5e-06
armadillo,184,2048,1043.2277230660031,1.5e-06
armadillo,185,2048,1040.0054235363323,1.4580000000000001e-06
armadillo,186,2048,1022.9080011982032,1.5e-06
armadillo,187,2048,1010.7500087895387,1.5e-06
armadillo,188,2048,1019.4379185449127,1.5e-06
armadillo,189,2048,1033.6330040291341,1.4580000000000001e-06
armadillo,190,2048,1032.1731786922401,1.5e-06
armadillo,191,2048,1017.3559176175285,1.5829999999999999e-06
armadillo,192,2048,1019.8335818572618,1.5e-06
armadillo,193,2048,1024.9610071396653,1.584e-06
armadillo,194,2048,1022.8390570815184,1.5e-06
armadillo,195,2048,1005.493828942944,1.542e-06
armadillo,196,2048,1030.1241871378361,1.542e-06
armadillo,197,2048,1026.0518074007568,1.5409999999999999e-06
armadillo,198,2048,1036.5349689703148,1.5e-06
armadillo,199,2048,1023.2158319265017,1.5829999999999999e-06
armadillo,200,2048,1052.5157728896552,1.5e-06
armadillo,201,2048,1025.4177630967538,1.542e-06
armadillo,202,2048,1024.3558912780741,1.542e-06
armadillo,203,2048,1007.7641491343991,1.5e-06
armadillo,204,2048,1019.372660941293,1.584e-06
armadillo,205,2048,1022.2885353089105,1.5e-06
armadillo,206,2048,1007.022998297296,1.542e-06
armadillo,207,2048,1026.8239122481716,1.5e-06
armadillo,208,2048,1031.7782854214361,1.5829999999999999e-06
armadillo,209,2048,1039.5850122271254,1.5e-06
armadillo,210,2048,1029.9671010425434,1.5409999999999999e-06
armadillo,211,2048,1013.8662664518553,1.5e-06
armadillo,212,2048,1019.1831347976395,1.4580000000000001e-06
armadillo,213,2048,1018.6911367135376,1.542e-06
armadillo,214,2048,1023.7092147384685,1.5409999999999999e-06
armadillo,215,2048,1025.2982463796527,1.4580000000000001e-06
armadillo,216,2048,988.35927809547184,1.5e-06
armadillo,217,2048,1029.9512098986249,1.5e-06
armadillo,218,2048,1015.9924737149605,1.5e-06
armadillo,219,2048,1046.5918437337582,1.5e-06
armadillo,220,2048,1026.615585625779,1.5e-06
armadillo,221,2048,1027.6455145975754,1.5e-06
armadillo,222,2048,1013.8651474448486,1.5e-06
armadillo,223,2048,1016.9496961050309,1.5e-06
armadillo,224,2048,1022.6791878870799,1.5e-06
armadillo,225,2048,1014.6722885444497,1.5e-06
armadillo,226,2048,1000.467521236043,1.5e-06
armadillo,227,2048,1004.7509422688514,1.5e-06
armadillo,228,2048,1033.4120952250305,1.5e-06
armadillo,229,2048,1020.7747854135961,1.5e-06
armadillo,230,2048,1026.7975973451491,1.4589999999999999e-06
armadillo,231,2048,1038.7605452142379,1.5e-06
armadillo,232,2048,1027.3878414790474,1.5e-06
armadillo,233,2048,1020.1723224592029,1.666e-06
armadillo,234,2048,1035.7492973854939,1.5829999999999999e-06
armadillo,235,2048,1022.1517319211355,1.5e-06
armadillo,236,2048,1005.8032121403305,1.5e-06
armadillo,237,2048,1021.8998240124488,1.4589999999999999e-06
armadillo,238,2048,1034.4057802458688,1.5e-06
armadillo,239,2048,1015.0344119189896,1.5e-06
armadillo,240,2048,1014.0089264617779,1.5e-06
armadillo,241,2048,1018.5074759427731,1.5409999999999999e-06
armadillo,242,2048,1002.1917674824278,1.5829999999999999e-06
armadillo,243,2048,1019.465617220229,1.5e-06
armadillo,244,2048,1026.5661751765711,1.5e-06
armadillo,245,2048,991.87328568196745,1.5e-06
armadillo,246,2048,997.10390568355729,1.5e-06
armadillo,247,2048,1031.1036789735924,1.5e-06
armadillo,248,2048,1031.9597378739961,1.5e-06
armadillo,249,2048,1010.7862707805197,1.5e-06
armadillo,250,2048,1028.4266033209815,1.4589999999999999e-06
armadillo,251,2048,1016.7228994973461,1.4589999999999999e-06
armadillo,252,2048,1001.9453995336296,1.5e-06
armadillo,253,2048,1029.3237827357834,1.5e-06
armadillo,254,2048,1037.8338725743988,1.5e-06
armadillo,255,2048,1028.651039495805,1.6249999999999999e-06
armadillo,256,2048,995.0734071727295,1.4580000000000001e-06
kahan,1,8192,4119.2945549073638,5.0124999999999999e-05
kahan,2,8192,4090.0219339291389,5.0042e-05
kahan,3,8192,4094.0077790923351,4.9957999999999998e-05
kahan,4,8192,4089.9937027880874,5.0040999999999997e-05
kahan,5,8192,4078.2326891600501,5.0000000000000002e-05
kahan,6,8192,4149.6161680242449,5.0042e-05
kahan,7,8192,4118.9624181642139,5.0000000000000002e-05
kahan,8,8192,4111.7891700931359,5.0000000000000002e-05
kahan,9,8192,4073.2631559009296,5.0124999999999999e-05
kahan,10,8192,4094.4365287634387,4.9916000000000001e-05
kahan,11,8192,4075.1651715391217,5.0000000000000002e-05
kahan,12,8192,4074.2250423065079,5.0040999999999997e-05
kahan,13,8192,4144.7731098238619,5.0040999999999997e-05
kahan,14,8192,4103.8990264056019,5.0083999999999997e-05
kahan,15,8192,4056.7989187909416,5.0042e-05
kahan,16,8192,4101.8872637723462,5.0000000000000002e-05
kahan,17,8192,4090.6261064946784,5.0000000000000002e-05
kahan,18,8192,4102.4144306856842,4.9916000000000001e-05
kahan,19,8192,4061.7926442943781,4.9917000000000003e-05
kahan,20,8192,4099.8744359758875,5.0000000000000002e-05
kahan,21,8192,4111.1303181340536,4.9957999999999998e-05
kahan,22,8192,4071.0079863255341,4.9917000000000003e-05
kahan,23,8192,4074.7542722466783,5.0000000000000002e-05
kahan,24,8192,4072.4315705435661,4.9917000000000003e-05
kahan,25,8192,4079.5039018965326,4.9957999999999998e-05
kahan,26,8192,4133.7341750267406,4.9959000000000001e-05
kahan,27,8192,4094.876283641112,5.0000000000000002e-05
kahan,28,8192,4066.585620845894,4.9957999999999998e-05
kahan,29,8192,4124.4319702101666,4.9917000000000003e-05
kahan,30,8192,4098.5210936754984,5.0000000000000002e-05
kahan,31,8192,4077.3479465454693,5.0000000000000002e-05
kahan,32,8192,4117.0378577946431,5.0040999999999997e-05
kahan,33,8192,4110.4622407351635,4.9916000000000001e-05
kahan,34,8192,4091.9183563566662,4.9959000000000001e-05
kahan,35,8192,4107.0540127275945,5.0000000000000002e-05
kahan,36,8192,4103.7022128666695,4.9959000000000001e-05
kahan,37,8192,4062.9404968650924,4.9917000000000003e-05
kahan,38,8192,4088.768191822433,4.9957999999999998e-05
kahan,39,8192,4093.3232801759314,4.9917000000000003e-05
kahan,40,8192,4119.8210873095895,4.9916000000000001e-05
kahan,41,8192,4110.7741284710319,4.9959000000000001e-05
kahan,42,8192,4084.122663835275,4.9917000000000003e-05
kahan,43,8192,4080.799372596161,5.0000000000000002e-05
kahan,44,8192,4092.8356333344973,5.0000000000000002e-05
kahan,45,8192,4115.3351635733679,5.0000000000000002e-05
kahan,46,8192,4144.5055617493099,4.9957999999999998e-05
kahan,47,8192,4080.6017820606339,5.0083000000000001e-05
kahan,48,8192,4084.4547254527879,5.0000000000000002e-05
kahan,49,8192,4092.7303700158172,4.9917000000000003e-05
kahan,50,8192,4088.012216848736,5.0166e-05
kahan,51,8192,4049.31557835178,4.9916000000000001e-05
kahan,52,8192,4059.8482512070991,4.9874999999999999e-05
kahan,53,8192,4127.2070164674096,4.9959000000000001e-05
kahan,54,8192,4126.060665031182,5.0000000000000002e-05
kahan,55,8192,4100.5296663023291,4.9957999999999998e-05
kahan,56,8192,4102.7352758328234,4.9917000000000003e-05
kahan,57,8192,4109.4146352881353,4.9874999999999999e-05
kahan,58,8192,4072.4065663995248,4.9959000000000001e-05
kahan,59,8192,4112.9756903086936,4.9874999999999999e-05
kahan,60,8192,4075.2396525575514,4.9916000000000001e-05
kahan,61,8192,4071.2767508379652,5.0000000000000002e-05
kahan,62,8192,4120.4978339489871,5.0124999999999999e-05
kahan,63,8192,4087.6127564882145,4.9959000000000001e-05
kahan,64,8192,4076.437593915969,4.9916000000000001e-05
kahan,65,8192,4099.9708030428428,5.0124999999999999e-05
kahan,66,8192,4075.552815933439,5.0000000000000002e-05
kahan,67,8192,4095.648231874668,4.9957999999999998e-05
kahan,68,8192,4071.8877813678055,5.0083000000000001e-05
kahan,69,8192,4136.7758026230322,5.0417000000000002e-05
kahan,70,8192,4057.5428680167947,6.6208e-05
kahan,71,8192,4089.700744035465,5.0167000000000003e-05
kahan,72,8192,4037.4194167694714,5.0000000000000002e-05
kahan,73,8192,4089.0508583765782,4.9916000000000001e-05
kahan,74,8192,4094.9918303590744,5.0000000000000002e-05
kahan,75,8192,4128.4398991511534,5.0000000000000002e-05
kahan,76,8192,4141.6344622463257,4.9874999999999999e-05
kahan,77,8192,4070.9372277892708,4.9957999999999998e-05
kahan,78,8192,4084.1266247996386,5.0000000000000002e-05
kahan,79,8192,4097.0760939343381,5.0042e-05
kahan,80,8192,4081.9451350842833,5.0042e-05
kahan,81,8192,4124.5657860593719,5.0000000000000002e-05
kahan,82,8192,4052.6737677461579,5.0000000000000002e-05
kahan,83,8192,4085.9362678742536,4.9957999999999998e-05
kahan,84,8192,4114.3887939502092,4.9917000000000003e-05
kahan,85,8192,4102.2202975296586,5.0042e-05
kahan,86,8192,4107.3637573887036,5.0042e-05
kahan,87,8192,4085.2166625273308,5.0000000000000002e-05
kahan,88,8192,4121.0016982586349,5.0040999999999997e-05
kahan,89,8192,4100.9232870860869,4.9959000000000001e-05
kahan,90,8192,4137.3323210102644,4.9874999999999999e-05
kahan,91,8192,4092.9168700315195,4.9916000000000001e-05
kahan,92,8192,4121.3830394942534,4.9874999999999999e-05
kahan,93,8192,4116.1328150911131,5.0124999999999999e-05
kahan,94,8192,4106.6550493407767,5.0000000000000002e-05
kahan,95,8192,4115.3912239532201,5.0000000000000002e-05
kahan,96,8192,4104.8243276312323,4.9917000000000003e-05
kahan,97,8192,4133.5767571459519,5.0000000000000002e-05
kahan,98,8192,4093.9707915137442,4.9917000000000003e-05
kahan,99,8192,4083.0667875166887,5.0042e-05
kahan,100,8192,4058.7958300396517,4.9957999999999998e-05
kahan,101,8192,4075.9455582491519,5.0000000000000002e-05
kahan,102,8192,4111.0246145420751,4.9917000000000003e-05
kahan,103,8192,4127.2422597312943,4.9957999999999998e-05
kahan,104,8192,4095.8332639305272,4.9959000000000001e-05
kahan,105,8192,4120.4847297701563,5.0083999999999997e-05
kahan,106,8192,4103.0993588598567,5.0042e-05
kahan,107,8192,4098.6997906082206,5.0040999999999997e-05
kahan,108,8192,4109.5426211510594,5.0124999999999999e-05
kahan,109,8192,4076.9524551914214,5.0250000000000002e-05
kahan,110,8192,4127.3840385643898,5.0083000000000001e-05
kahan,111,8192,4120.3893309753967,4.9917000000000003e-05
kahan,112,8192,4115.0795339738634,5.0000000000000002e-05
kahan,113,8192,4099.4654563455306,5.0042e-05
kahan,114,8192,4090.3067390246447,5.0042e-05
kahan,115,8192,4095.2241450970591,4.9959000000000001e-05
kahan,116,8192,4112.2094137936729,4.9917000000000003e-05
kahan,117,8192,4104.4039418403972,5.0000000000000002e-05
kahan,118,8192,4066.3085426239768,4.9957999999999998e-05
kahan,119,8192,4128.2134635598741,4.9917000000000003e-05
kahan,120,8192,4054.057608375188,5.0083000000000001e-05
kahan,121,8192,4077.0074078838952,5.0000000000000002e-05
kahan,122,8192,4105.7975248724388,5.0000000000000002e-05
kahan,123,8192,4127.2160811428621,4.9959000000000001e-05
kahan,124,8192,4095.0370530201799,5.0042e-05
kahan,125,8192,4059.0969725046289,4.9959000000000001e-05
kahan,126,8192,4057.9175612143663,4.9957999999999998e-05
kahan,127,8192,4133.7938849730563,4.9917000000000003e-05
kahan,128,8192,4097.3008425568596,4.9957999999999998e-05
pairwise,1,8192,4119.2945549073629,4.3749999999999996e-06
pairwise,2,8192,4090.0219339291389,4.1250000000000003e-06
pairwise,3,8192,4094.0077790923351,4.0840000000000002e-06
pairwise,4,8192,4089.9937027880878,4.3340000000000003e-06
pairwise,5,8192,4078.2326891600505,4.1250000000000003e-06
pairwise,6,8192,4149.6161680242449,4.0840000000000002e-06
pairwise,7,8192,4118.9624181642139,4.2089999999999999e-06
pairwise,8,8192,4111.7891700931359,4.2080000000000002e-06
pairwise,9,8192,4073.2631559009296,4.0829999999999997e-06
pairwise,10,8192,4094.4365287634387,4.0840000000000002e-06
pairwise,11,8192,4075.1651715391213,4.2080000000000002e-06
pairwise,12,8192,4074.2250423065079,4.0419999999999996e-06
pairwise,13,8192,4144.7731098238619,4.0829999999999997e-06
pairwise,14,8192,4103.899026405601,4.0829999999999997e-06
pairwise,15,8192,4056.7989187909416,3.9999999999999998e-06
pairwise,16,8192,4101.8872637723452,4.2080000000000002e-06
pairwise,17,8192,4090.6261064946784,4.1670000000000001e-06
pairwise,18,8192,4102.4144306856833,4.0840000000000002e-06
pairwise,19,8192,4061.7926442943781,4.0419999999999996e-06
pairwise,20,8192,4099.8744359758875,4.0829999999999997e-06
pairwise,21,8192,4111.1303181340536,4.0840000000000002e-06
pairwise,22,8192,4071.0079863255341,4.0829999999999997e-06
pairwise,23,8192,4074.7542722466783,4.1250000000000003e-06
pairwise,24,8192,4072.4315705435656,4.0419999999999996e-06
pairwise,25,8192,4079.5039018965326,4.25e-06
pairwise,26,8192,4133.7341750267406,4.0829999999999997e-06
pairwise,27,8192,4094.8762836411115,4.0409999999999999e-06
pairwise,28,8192,4066.585620845894,4.0409999999999999e-06
pairwise,29,8192,4124.4319702101666,4.1250000000000003e-06
pairwise,30,8192,4098.5210936754993,4.0829999999999997e-06
pairwise,31,8192,4077.3479465454693,4.0829999999999997e-06
pairwise,32,8192,4117.0378577946431,4.0840000000000002e-06
pairwise,33,8192,4110.4622407351635,4.1250000000000003e-06
pairwise,34,8192,4091.9183563566667,4.0829999999999997e-06
pairwise,35,8192,4107.0540127275945,4.0840000000000002e-06
pairwise,36,8192,4103.7022128666695,4.0829999999999997e-06
pairwise,37,8192,4062.9404968650924,4.2089999999999999e-06
pairwise,38,8192,4088.7681918224325,4.0829999999999997e-06
pairwise,39,8192,4093.3232801759318,4.1250000000000003e-06
pairwise,40,8192,4119.8210873095886,4.0829999999999997e-06
pairwise,41,8192,4110.7741284710319,4.0829999999999997e-06
pairwise,42,8192,4084.1226638352755,4.0829999999999997e-06
pairwise,43,8192,4080.7993725961605,4.0829999999999997e-06
pairwise,44,8192,4092.8356333344973,4.0840000000000002e-06
pairwise,45,8192,4115.3351635733679,4.0840000000000002e-06
pairwise,46,8192,4144.5055617493108,4.2089999999999999e-06
pairwise,47,8192,4080.6017820606339,4.0829999999999997e-06
pairwise,48,8192,4084.4547254527879,4.0409999999999999e-06
pairwise,49,8192,4092.7303700158172,4.1659999999999996e-06
pairwise,50,8192,4088.012216848736,4.0419999999999996e-06
pairwise,51,8192,4049.3155783517805,4.2089999999999999e-06
pairwise,52,8192,4059.8482512070991,4.0409999999999999e-06
pairwise,53,8192,4127.2070164674096,4.0419999999999996e-06
pairwise,54,8192,4126.060665031182,4.0840000000000002e-06
pairwise,55,8192,4100.5296663023291,4.1659999999999996e-06
pairwise,56,8192,4102.7352758328234,4.0840000000000002e-06
pairwise,57,8192,4109.4146352881362,4.0829999999999997e-06
pairwise,58,8192,4072.4065663995252,4.0829999999999997e-06
pairwise,59,8192,4112.9756903086936,4.1250000000000003e-06
pairwise,60,8192,4075.2396525575514,4.0419999999999996e-06
pairwise,61,8192,4071.2767508379657,4.0829999999999997e-06
pairwise,62,8192,4120.4978339489871,4.0829999999999997e-06
pairwise,63,8192,4087.6127564882145,4.0829999999999997e-06
pairwise,64,8192,4076.437593915969,4.1670000000000001e-06
pairwise,65,8192,4099.9708030428428,4.0840000000000002e-06
pairwise,66,8192,4075.552815933439,4.25e-06
pairwise,67,8192,4095.6482318746685,4.0829999999999997e-06
pairwise,68,8192,4071.8877813678059,4.1659999999999996e-06
pairwise,69,8192,4136.7758026230322,4.2080000000000002e-06
pairwise,70,8192,4057.5428680167947,4.0829999999999997e-06
pairwise,71,8192,4089.700744035465,4.1659999999999996e-06
pairwise,72,8192,4037.4194167694714,4.1250000000000003e-06
pairwise,73,8192,4089.0508583765782,4.0829999999999997e-06
pairwise,74,8192,4094.9918303590748,4.0829999999999997e-06
pairwise,75,8192,4128.4398991511534,4.0840000000000002e-06
pairwise,76,8192,4141.6344622463257,4.0829999999999997e-06
pairwise,77,8192,4070.9372277892712,4.0840000000000002e-06
pairwise,78,8192,4084.1266247996386,4.0829999999999997e-06
pairwise,79,8192,4097.0760939343381,4.1659999999999996e-06
pairwise,80,8192,4081.9451350842837,4.2080000000000002e-06
pairwise,81,8192,4124.5657860593728,4.0829999999999997e-06
pairwise,82,8192,4052.6737677461579,4.0409999999999999e-06
pairwise,83,8192,4085.9362678742536,4.0409999999999999e-06
pairwise,84,8192,4114.3887939502092,4.0409999999999999e-06
pairwise,85,8192,4102.2202975296586,4.0829999999999997e-06
pairwise,86,8192,4107.3637573887027,4.0419999999999996e-06
pairwise,87,8192,4085.2166625273308,4.0829999999999997e-06
pairwise,88,8192,4121.0016982586349,4.1250000000000003e-06
pairwise,89,8192,4100.9232870860869,4.1659999999999996e-06
pairwise,90,8192,4137.3323210102644,4.1659999999999996e-06
pairwise,91,8192,4092.916870031519,4.0829999999999997e-06
pairwise,92,8192,4121.3830394942543,4.0829999999999997e-06
pairwise,93,8192,4116.1328150911131,4.0829999999999997e-06
pairwise,94,8192,4106.6550493407758,4.3749999999999996e-06
pairwise,95,8192,4115.3912239532201,4.2080000000000002e-06
pairwise,96,8192,4104.8243276312332,4.0840000000000002e-06
pairwise,97,8192,4133.576757145951,4.0840000000000002e-06
pairwise,98,8192,4093.9707915137442,4.0829999999999997e-06
pairwise,99,8192,4083.0667875166887,4.0829999999999997e-06
pairwise,100,8192,4058.7958300396522,4.0829999999999997e-06
pairwise,101,8192,4075.9455582491519,4.0829999999999997e-06
pairwise,102,8192,4111.0246145420751,4.0840000000000002e-06
pairwise,103,8192,4127.2422597312943,4.0840000000000002e-06
pairwise,104,8192,4095.8332639305268,4.1250000000000003e-06
pairwise,105,8192,4120.4847297701563,4.0829999999999997e-06
pairwise,106,8192,4103.0993588598558,4.0829999999999997e-06
pairwise,107,8192,4098.6997906082206,4.2089999999999999e-06
pairwise,108,8192,4109.5426211510603,4.0409999999999999e-06
pairwise,109,8192,4076.9524551914214,4.0419999999999996e-06
pairwise,110,8192,4127.3840385643898,4.0829999999999997e-06
pairwise,111,8192,4120.3893309753967,4.0409999999999999e-06
pairwise,112,8192,4115.0795339738643,4.0419999999999996e-06
pairwise,113,8192,4099.4654563455306,4.0419999999999996e-06
pairwise,114,8192,4090.3067390246451,4.0840000000000002e-06
pairwise,115,8192,4095.2241450970591,4.0829999999999997e-06
pairwise,116,8192,4112.2094137936729,4.0829999999999997e-06
pairwise,117,8192,4104.4039418403972,4.1659999999999996e-06
pairwise,118,8192,4066.3085426239768,4.0829999999999997e-06
pairwise,119,8192,4128.2134635598741,4.0840000000000002e-06
pairwise,120,8192,4054.0576083751876,4.0829999999999997e-06
pairwise,121,8192,4077.0074078838948,4.0419999999999996e-06
pairwise,122,8192,4105.7975248724397,4.0419999999999996e-06
pairwise,123,8192,4127.2160811428621,4.25e-06
pairwise,124,8192,4095.0370530201799,4.0840000000000002e-06
pairwise,125,8192,4059.0969725046289,3.9999999999999998e-06
pairwise,126,8192,4057.9175612143658,4.0829999999999997e-06
pairwise,127,8192,4133.7938849730563,4.0419999999999996e-06
pairwise,128,8192,4097.3008425568605,4.0829999999999997e-06
armadillo,1,8192,4119.2945549073611,6.6669999999999999e-06
armadillo,2,8192,4090.021933929143,6.1659999999999999e-06
armadillo,3,8192,4094.0077790923447,6.2920000000000001e-06
armadillo,4,8192,4089.9937027880878,6.2500000000000003e-06
armadillo,5,8192,4078.2326891600487,6.2079999999999997e-06
armadillo,6,8192,4149.6161680242394,6.1670000000000004e-06
armadillo,7,8192,4118.9624181642093,6.1670000000000004e-06
armadillo,8,8192,4111.7891700931377,6.2079999999999997e-06
armadillo,9,8192,4073.263155900926,6.2079999999999997e-06
armadillo,10,8192,4094.4365287634346,6.2079999999999997e-06
armadillo,11,8192,4075.1651715391222,6.1670000000000004e-06
armadillo,12,8192,4074.2250423065107,6.1670000000000004e-06
armadillo,13,8192,4144.7731098238582,6.2079999999999997e-06
armadillo,14,8192,4103.8990264056029,6.2079999999999997e-06
armadillo,15,8192,4056.7989187909425,6.1659999999999999e-06
armadillo,16,8192,4101.8872637723434,6.2079999999999997e-06
armadillo,17,8192,4090.6261064946721,6.1670000000000004e-06
armadillo,18,8192,4102.4144306856815,6.1249999999999998e-06
armadillo,19,8192,4061.7926442943826,6.4579999999999998e-06
armadillo,20,8192,4099.8744359758857,6.1670000000000004e-06
armadillo,21,8192,4111.1303181340572,6.4590000000000003e-06
armadillo,22,8192,4071.0079863255332,6.4590000000000003e-06
armadillo,23,8192,4074.7542722466733,6.2500000000000003e-06
armadillo,24,8192,4072.431570543562,6.2090000000000002e-06
armadillo,25,8192,4079.5039018965331,6.2500000000000003e-06
armadillo,26,8192,4133.7341750267433,6.1659999999999999e-06
armadillo,27,8192,4094.8762836411142,6.5420000000000002e-06
armadillo,28,8192,4066.5856208458931,6.1249999999999998e-06
armadillo,29,8192,4124.4319702101675,6.1670000000000004e-06
armadillo,30,8192,4098.5210936754993,6.2500000000000003e-06
armadillo,31,8192,4077.3479465454725,6.1670000000000004e-06
armadillo,32,8192,4117.0378577946431,6.2090000000000002e-06
armadillo,33,8192,4110.4622407351626,6.2090000000000002e-06
armadillo,34,8192,4091.9183563566703,6.1670000000000004e-06
armadillo,35,8192,4107.0540127275881,6.1659999999999999e-06
armadillo,36,8192,4103.7022128666713,6.1670000000000004e-06
armadillo,37,8192,4062.9404968650952,6.3749999999999999e-06
armadillo,38,8192,4088.7681918224325,6.3749999999999999e-06
armadillo,39,8192,4093.3232801759359,6.2079999999999997e-06
armadillo,40,8192,4119.8210873095932,6.1659999999999999e-06
armadillo,41,8192,4110.7741284710428,6.1670000000000004e-06
armadillo,42,8192,4084.122663835275,6.1670000000000004e-06
armadillo,43,8192,4080.7993725961601,6.1249999999999998e-06
armadillo,44,8192,4092.8356333344955,6.2090000000000002e-06
armadillo,45,8192,4115.3351635733634,6.2090000000000002e-06
armadillo,46,8192,4144.5055617493072,6.2500000000000003e-06
armadillo,47,8192,4080.6017820606398,6.2079999999999997e-06
armadillo,48,8192,4084.4547254527902,6.5830000000000003e-06
armadillo,49,8192,4092.7303700158141,6.1659999999999999e-06
armadillo,50,8192,4088.0122168487351,6.2079999999999997e-06
armadillo,51,8192,4049.3155783517805,6.2079999999999997e-06
armadillo,52,8192,4059.8482512070996,6.2079999999999997e-06
armadillo,53,8192,4127.2070164674042,6.1670000000000004e-06
armadillo,54,8192,4126.0606650311838,6.2500000000000003e-06
armadillo,55,8192,4100.5296663023255,6.1659999999999999e-06
armadillo,56,8192,4102.7352758328198,6.1670000000000004e-06
armadillo,57,8192,4109.4146352881362,6.2500000000000003e-06
armadillo,58,8192,4072.4065663995243,6.3330000000000002e-06
armadillo,59,8192,4112.9756903086945,6.3330000000000002e-06
armadillo,60,8192,4075.2396525575482,6.2920000000000001e-06
armadillo,61,8192,4071.2767508379711,6.2920000000000001e-06
armadillo,62,8192,4120.4978339489808,6.2500000000000003e-06
armadillo,63,8192,4087.612756488209,6.2079999999999997e-06
armadillo,64,8192,4076.4375939159668,6.2079999999999997e-06
armadillo,65,8192,4099.9708030428465,6.2079999999999997e-06
armadillo,66,8192,4075.5528159334394,6.2500000000000003e-06
armadillo,67,8192,4095.6482318746657,6.2500000000000003e-06
armadillo,68,8192,4071.8877813678091,6.2079999999999997e-06
armadillo,69,8192,4136.7758026230313,6.2079999999999997e-06
armadillo,70,8192,4057.5428680167961,6.2500000000000003e-06
armadillo,71,8192,4089.7007440354655,6.3749999999999999e-06
armadillo,72,8192,4037.4194167694764,6.2090000000000002e-06
armadillo,73,8192,4089.0508583765804,6.1670000000000004e-06
armadillo,74,8192,4094.9918303590803,6.1659999999999999e-06
armadillo,75,8192,4128.4398991511498,6.2079999999999997e-06
armadillo,76,8192,4141.6344622463303,6.1670000000000004e-06
armadillo,77,8192,4070.9372277892689,6.1670000000000004e-06
armadillo,78,8192,4084.1266247996364,6.4999999999999996e-06
armadillo,79,8192,4097.0760939343381,6.1670000000000004e-06
armadillo,80,8192,4081.9451350842801,6.2500000000000003e-06
armadillo,81,8192,4124.5657860593683,6.2920000000000001e-06
armadillo,82,8192,4052.6737677461597,6.2079999999999997e-06
armadillo,83,8192,4085.9362678742445,6.1659999999999999e-06
armadillo,84,8192,4114.388793950211,6.2079999999999997e-06
armadillo,85,8192,4102.2202975296641,6.2500000000000003e-06
armadillo,86,8192,4107.363757388699,6.1249999999999998e-06
armadillo,87,8192,4085.2166625273267,6.2090000000000002e-06
armadillo,88,8192,4121.0016982586312,6.2090000000000002e-06
armadillo,89,8192,4100.9232870860924,6.2079999999999997e-06
armadillo,90,8192,4137.3323210102599,6.1659999999999999e-06
armadillo,91,8192,4092.9168700315186,6.1670000000000004e-06
armadillo,92,8192,4121.3830394942543,6.1670000000000004e-06
armadillo,93,8192,4116.1328150911113,6.2079999999999997e-06
armadillo,94,8192,4106.6550493407758,6.2079999999999997e-06
armadillo,95,8192,4115.3912239532146,6.1670000000000004e-06
armadillo,96,8192,4104.8243276312351,6.2500000000000003e-06
armadillo,97,8192,4133.5767571459492,6.1670000000000004e-06
armadillo,98,8192,4093.9707915137451,6.2920000000000001e-06
armadillo,99,8192,4083.066787516691,6.1659999999999999e-06
armadillo,100,8192,4058.7958300396594,6.3749999999999999e-06
armadillo,101,8192,4075.9455582491528,6.4579999999999998e-06
armadillo,102,8192,4111.0246145420715,6.2079999999999997e-06
armadillo,103,8192,4127.242259731287,6.2500000000000003e-06
armadillo,104,8192,4095.8332639305249,6.2500000000000003e-06
armadillo,105,8192,4120.4847297701563,6.1670000000000004e-06
armadillo,106,8192,4103.0993588598576,6.2079999999999997e-06
armadillo,107,8192,4098.6997906082124,6.1659999999999999e-06
armadillo,108,8192,4109.5426211510676,6.2079999999999997e-06
armadillo,109,8192,4076.9524551914237,6.2920000000000001e-06
armadillo,110,8192,4127.3840385643834,6.2500000000000003e-06
armadillo,111,8192,4120.389330975393,6.2090000000000002e-06
armadillo,112,8192,4115.079533973867,6.2090000000000002e-06
armadillo,113,8192,4099.4654563455315,6.1670000000000004e-06
armadillo,114,8192,4090.3067390246442,6.3330000000000002e-06
armadillo,115,8192,4095.224145097055,6.2079999999999997e-06
armadillo,116,8192,4112.209413793671,6.2500000000000003e-06
armadillo,117,8192,4104.4039418403963,6.2500000000000003e-06
armadillo,118,8192,4066.308542623975,6.2910000000000004e-06
armadillo,119,8192,4128.2134635598777,6.4999999999999996e-06
armadillo,120,8192,4054.0576083751926,6.1659999999999999e-06
armadillo,121,8192,4077.0074078838934,6.2079999999999997e-06
armadillo,122,8192,4105.7975248724406,6.2090000000000002e-06
armadillo,123,8192,4127.2160811428594,6.1670000000000004e-06
armadillo,124,8192,4095.0370530201803,6.1659999999999999e-06
armadillo,125,8192,4059.0969725046248,6.1249999999999998e-06
armadillo,126,8192,4057.9175612143727,6.1659999999999999e-06
armadillo,127,8192,4133.793884973049,6.1670000000000004e-06
armadillo,128,8192,4097.3008425568623,6.4590000000000003e-06
kahan,1,32768,16355.94463225907,0.000200125
kahan,2,32768,16324.582344841281,0.00019979199999999999
kahan,3,32768,16374.638352100563,0.00020666700000000001
kahan,4,32768,16429.765507335036,0.00020033299999999999
kahan,5,32768,16392.504326288323,0.00020037500000000001
kahan,6,32768,16421.649725704563,0.000200292
kahan,7,32768,16406.000444577825,0.000200459
kahan,8,32768,16308.252767862248,0.00020041699999999999
kahan,9,32768,16347.377528786896,0.000200292
kahan,10,32768,16518.694438285485,0.00020033299999999999
kahan,11,32768,16366.858367495079,0.000200292
kahan,12,32768,16423.371657135714,0.00020079200000000001
kahan,13,32768,16394.285133247213,0.00020037500000000001
kahan,14,32768,16400.446636794259,0.00020037500000000001
kahan,15,32768,16313.575939002934,0.00020070799999999999
kahan,16,32768,16310.007441641132,0.00020058399999999999
kahan,17,32768,16399.312842185143,0.00020037500000000001
kahan,18,32768,16398.492680931526,0.00020049999999999999
kahan,19,32768,16307.351511624618,0.00020024999999999999
kahan,20,32768,16374.198549267539,0.00020020899999999999
kahan,21,32768,16474.760049922726,0.00020024999999999999
kahan,22,32768,16342.116601184827,0.00020029100000000001
kahan,23,32768,16307.190705387517,0.00020024999999999999
kahan,24,32768,16459.778458405475,0.000200292
kahan,25,32768,16353.077509812458,0.00020033299999999999
kahan,26,32768,16424.98213322811,0.00020045800000000001
kahan,27,32768,16433.321060005681,0.000200084
kahan,28,32768,16308.081716362789,0.00020016700000000001
kahan,29,32768,16378.961216835112,0.00020024999999999999
kahan,30,32768,16306.70076674214,0.00020016700000000001
kahan,31,32768,16299.601646736386,0.00020037500000000001
kahan,32,32768,16384.262237103365,0.000200292
kahan,33,32768,16393.901093266653,0.00020024999999999999
kahan,34,32768,16429.570714282425,0.00020049999999999999
kahan,35,32768,16414.959318228652,0.000201125
kahan,36,32768,16413.727251336804,0.00020024999999999999
kahan,37,32768,16337.228270630112,0.00020024999999999999
kahan,38,32768,16288.727516305566,0.00020049999999999999
kahan,39,32768,16330.327087887114,0.00020049999999999999
kahan,40,32768,16476.003646497782,0.00020070900000000001
kahan,41,32768,16351.34146640267,0.00020049999999999999
kahan,42,32768,16334.81306617219,0.000200583
kahan,43,32768,16293.385408867407,0.000200583
kahan,44,32768,16309.266382974014,0.00021245899999999999
kahan,45,32768,16454.889377031388,0.00020100000000000001
kahan,46,32768,16405.966082622741,0.00020091600000000001
kahan,47,32768,16390.38313447994,0.00020087499999999999
kahan,48,32768,16443.485471670741,0.00021212499999999999
kahan,49,32768,16267.311958587965,0.00020275
kahan,50,32768,16378.846742985283,0.00020033299999999999
kahan,51,32768,16445.760325256131,0.00020029100000000001
kahan,52,32768,16439.111387470108,0.00020070900000000001
kahan,53,32768,16452.594526093792,0.00020079200000000001
kahan,54,32768,16413.39475253288,0.000201041
kahan,55,32768,16379.265248165837,0.00020212499999999999
kahan,56,32768,16368.25814489173,0.000202208
kahan,57,32768,16371.120100768894,0.000212375
kahan,58,32768,16420.650150099587,0.000201292
kahan,59,32768,16379.243364256625,0.00020100000000000001
kahan,60,32768,16371.801804291707,0.00020095900000000001
kahan,61,32768,16381.233308702889,0.00020070799999999999
kahan,62,32768,16394.082872732997,0.000200416
kahan,63,32768,16402.123041051786,0.00020049999999999999
kahan,64,32768,16405.190887035445,0.000201125
pairwise,1,32768,16355.94463225907,1.6750000000000001e-05
pairwise,2,32768,16324.582344841281,1.6333000000000001e-05
pairwise,3,32768,16374.638352100563,1.6208000000000001e-05
pairwise,4,32768,16429.765507335036,1.6790999999999999e-05
pairwise,5,32768,16392.504326288319,1.6375000000000002e-05
pairwise,6,32768,16421.649725704563,1.6790999999999999e-05
pairwise,7,32768,16406.000444577825,1.6167e-05
pairwise,8,32768,16308.252767862248,1.6208000000000001e-05
pairwise,9,32768,16347.377528786896,1.6249999999999999e-05
pairwise,10,32768,16518.694438285485,1.6291999999999999e-05
pairwise,11,32768,16366.858367495077,1.6416999999999999e-05
pairwise,12,32768,16423.371657135714,1.6708e-05
pairwise,13,32768,16394.285133247213,1.6167e-05
pairwise,14,32768,16400.446636794259,1.6500000000000001e-05
pairwise,15,32768,16313.575939002934,1.6416e-05
pairwise,16,32768,16310.007441641132,1.6583e-05
pairwise,17,32768,16399.312842185143,1.6541e-05
pairwise,18,32768,16398.492680931529,1.6375000000000002e-05
pairwise,19,32768,16307.351511624618,1.6249999999999999e-05
pairwise,20,32768,16374.198549267538,1.6167e-05
pairwise,21,32768,16474.76004992273,1.6333000000000001e-05
pairwise,22,32768,16342.116601184825,1.6208000000000001e-05
pairwise,23,32768,16307.190705387517,1.6333000000000001e-05
pairwise,24,32768,16459.778458405479,1.6375000000000002e-05
pairwise,25,32768,16353.077509812458,1.6041000000000001e-05
pairwise,26,32768,16424.98213322811,1.6375000000000002e-05
pairwise,27,32768,16433.321060005681,1.6291999999999999e-05
pairwise,28,32768,16308.081716362789,1.6167e-05
pairwise,29,32768,16378.961216835114,1.6375000000000002e-05
pairwise,30,32768,16306.700766742142,1.6375000000000002e-05
pairwise,31,32768,16299.601646736386,1.6541999999999998e-05
pairwise,32,32768,16384.262237103365,1.6167e-05
pairwise,33,32768,16393.901093266653,1.6208000000000001e-05
pairwise,34,32768,16429.570714282425,1.6208000000000001e-05
pairwise,35,32768,16414.959318228652,1.6208000000000001e-05
pairwise,36,32768,16413.727251336804,1.6291e-05
pairwise,37,32768,16337.228270630112,1.6166000000000001e-05
pairwise,38,32768,16288.727516305566,1.6333000000000001e-05
pairwise,39,32768,16330.327087887114,1.6458999999999999e-05
pairwise,40,32768,16476.003646497782,1.6082999999999998e-05
pairwise,41,32768,16351.34146640267,1.6249999999999999e-05
pairwise,42,32768,16334.813066172188,1.6042e-05
pairwise,43,32768,16293.385408867407,1.6291999999999999e-05
pairwise,44,32768,16309.266382974014,1.6333000000000001e-05
pairwise,45,32768,16454.889377031388,1.6208000000000001e-05
pairwise,46,32768,16405.966082622741,1.6416999999999999e-05
pairwise,47,32768,16390.38313447994,1.6750000000000001e-05
pairwise,48,32768,16443.485471670741,1.6375000000000002e-05
pairwise,49,32768,16267.311958587965,1.6416999999999999e-05
pairwise,50,32768,16378.846742985283,1.6333000000000001e-05
pairwise,51,32768,16445.760325256131,1.6625000000000001e-05
pairwise,52,32768,16439.111387470111,1.6334e-05
pairwise,53,32768,16452.594526093792,1.7666999999999999e-05
pairwise,54,32768,16413.394752532877,1.7541999999999999e-05
pairwise,55,32768,16379.265248165837,1.7333000000000002e-05
pairwise,56,32768,16368.25814489173,1.7625000000000002e-05
pairwise,57,32768,16371.120100768896,1.7666e-05
pairwise,58,32768,16420.650150099587,1.7708999999999999e-05
pairwise,59,32768,16379.243364256625,1.7791999999999998e-05
pairwise,60,32768,16371.801804291708,1.8042000000000001e-05
pairwise,61,32768,16381.233308702889,1.7958999999999999e-05
pairwise,62,32768,16394.082872732994,1.7833999999999999e-05
pairwise,63,32768,16402.123041051786,1.7791e-05
pairwise,64,32768,16405.190887035445,1.7708000000000001e-05
armadillo,1,32768,16355.944632259116,2.6250000000000001e-05
armadillo,2,32768,16324.58234484127,2.5874999999999999e-05
armadillo,3,32768,16374.638352100512,2.5916999999999999e-05
armadillo,4,32768,16429.765507335011,2.5874999999999999e-05
armadillo,5,32768,16392.504326288275,2.6208999999999999e-05
armadillo,6,32768,16421.649725704527,2.5791000000000001e-05
armadillo,7,32768,16406.000444577829,2.5707999999999998e-05
armadillo,8,32768,16308.252767862235,2.5707999999999998e-05
armadillo,9,32768,16347.377528786932,2.6083000000000001e-05
armadillo,10,32768,16518.694438285456,2.5792e-05
armadillo,11,32768,16366.858367495084,2.5874999999999999e-05
armadillo,12,32768,16423.371657135751,2.5958000000000001e-05
armadillo,13,32768,16394.285133247256,2.6125000000000001e-05
armadillo,14,32768,16400.446636794255,2.5666000000000001e-05
armadillo,15,32768,16313.575939002943,2.5749999999999999e-05
armadillo,16,32768,16310.007441641115,2.6333e-05
armadillo,17,32768,16399.312842185122,2.5958000000000001e-05
armadillo,18,32768,16398.492680931493,2.5707999999999998e-05
armadillo,19,32768,16307.351511624624,2.5749999999999999e-05
armadillo,20,32768,16374.198549267552,2.5709000000000001e-05
armadillo,21,32768,16474.760049922712,2.5792e-05
armadillo,22,32768,16342.116601184889,2.55e-05
armadillo,23,32768,16307.1907053875,2.5083999999999999e-05
armadillo,24,32768,16459.778458405443,2.5709000000000001e-05
armadillo,25,32768,16353.077509812472,2.5709000000000001e-05
armadillo,26,32768,16424.982133228063,2.5834e-05
armadillo,27,32768,16433.321060005681,2.5874999999999999e-05
armadillo,28,32768,16308.081716362798,2.5707999999999998e-05
armadillo,29,32768,16378.961216835058,2.6291999999999998e-05
armadillo,30,32768,16306.700766742124,2.55e-05
armadillo,31,32768,16299.601646736381,2.5624999999999999e-05
armadillo,32,32768,16384.262237103365,2.5041999999999998e-05
armadillo,33,32768,16393.901093266657,2.5958000000000001e-05
armadillo,34,32768,16429.570714282407,2.5749999999999999e-05
armadillo,35,32768,16414.959318228659,2.5584000000000001e-05
armadillo,36,32768,16413.727251336852,2.5916999999999999e-05
armadillo,37,32768,16337.228270630101,2.5999999999999998e-05
armadillo,38,32768,16288.727516305498,2.5417000000000001e-05
armadillo,39,32768,16330.32708788721,2.5457999999999999e-05
armadillo,40,32768,16476.003646497797,2.5582999999999999e-05
armadillo,41,32768,16351.34146640261,2.5749999999999999e-05
armadillo,42,32768,16334.813066172239,2.5208e-05
armadillo,43,32768,16293.385408867365,2.5624999999999999e-05
armadillo,44,32768,16309.26638297403,2.5834e-05
armadillo,45,32768,16454.889377031366,2.5999999999999998e-05
armadillo,46,32768,16405.966082622705,2.5834e-05
armadillo,47,32768,16390.383134479969,2.5459000000000001e-05
armadillo,48,32768,16443.485471670778,2.5584000000000001e-05
armadillo,49,32768,16267.311958587919,2.5709000000000001e-05
armadillo,50,32768,16378.846742985254,2.5417000000000001e-05
armadillo,51,32768,16445.760325256153,2.5290999999999999e-05
armadillo,52,32768,16439.111387470064,2.5749999999999999e-05
armadillo,53,32768,16452.594526093744,2.5916000000000001e-05
armadillo,54,32768,16413.39475253284,2.55e-05
armadillo,55,32768,16379.265248165841,2.5791000000000001e-05
armadillo,56,32768,16368.258144891763,2.5542e-05
armadillo,57,32768,16371.120100768909,2.5792e-05
armadillo,58,32768,16420.650150099627,2.5833000000000002e-05
armadillo,59,32768,16379.243364256639,2.5375e-05
armadillo,60,32768,16371.801804291732,2.6084e-05
armadillo,61,32768,16381.23330870282,2.5542e-05
armadillo,62,32768,16394.082872732994,2.5375e-05
armadillo,63,32768,16402.123041051822,2.55e-05
armadillo,64,32768,16405.190887035373,2.5959e-05
kahan,1,131072,65519.653427652695,0.00080620799999999999
kahan,2,131072,65444.839217452114,0.00080412500000000004
kahan,3,131072,65445.355392121688,0.00080250000000000004
kahan,4,131072,65620.057973080591,0.00080754199999999996
kahan,5,131072,65555.336105668073,0.00080308400000000002
kahan,6,131072,65580.783360776186,0.00080258300000000005
kahan,7,131072,65610.011599921359,0.00080283399999999999
kahan,8,131072,65410.790070251467,0.00080466700000000001
kahan,9,131072,65554.718669701993,0.00080204199999999999
kahan,10,131072,65448.979847267343,0.00080141700000000001
kahan,11,131072,65527.167432675022,0.00080220900000000002
kahan,12,131072,65565.449428797816,0.00080225000000000001
kahan,13,131072,65616.934342454872,0.00081045800000000001
kahan,14,131072,65407.121474532294,0.00084733300000000003
kahan,15,131072,65546.576288041266,0.00081412499999999996
kahan,16,131072,65538.289086482793,0.00081387500000000004
kahan,17,131072,65530.932297100095,0.000813625
kahan,18,131072,65487.566553593402,0.00081229200000000005
kahan,19,131072,65438.560045447972,0.00080975000000000003
kahan,20,131072,65806.43360917535,0.000805458
kahan,21,131072,65610.637043634721,0.00080487500000000003
kahan,22,131072,65475.955276336535,0.00080800000000000002
kahan,23,131072,65623.587955245879,0.00080274999999999997
kahan,24,131072,65409.415133559931,0.00079925000000000005
kahan,25,131072,65432.990130084407,0.00079925000000000005
kahan,26,131072,65578.010234694055,0.00080433399999999997
kahan,27,131072,65589.455807879538,0.00080091699999999995
kahan,28,131072,65377.997508519584,0.00080054099999999999
kahan,29,131072,65589.43502458118,0.00080075000000000003
kahan,30,131072,65367.053179006514,0.0008005
kahan,31,131072,65219.659334384596,0.00080045799999999999
kahan,32,131072,65559.187357220188,0.00081366700000000001
pairwise,1,131072,65519.653427652695,6.5166999999999995e-05
pairwise,2,131072,65444.839217452114,6.4666999999999996e-05
pairwise,3,131072,65445.355392121681,6.4708000000000005e-05
pairwise,4,131072,65620.057973080591,6.4875000000000005e-05
pairwise,5,131072,65555.336105668073,6.4624999999999999e-05
pairwise,6,131072,65580.783360776186,6.4584000000000004e-05
pairwise,7,131072,65610.011599921359,6.4791999999999999e-05
pairwise,8,131072,65410.790070251474,6.5042000000000005e-05
pairwise,9,131072,65554.718669702008,6.4875000000000005e-05
pairwise,10,131072,65448.979847267343,6.4583000000000002e-05
pairwise,11,131072,65527.167432675022,6.4542000000000006e-05
pairwise,12,131072,65565.449428797816,6.5041000000000003e-05
pairwise,13,131072,65616.934342454872,6.5083e-05
pairwise,14,131072,65407.121474532294,6.4832999999999994e-05
pairwise,15,131072,65546.576288041266,6.4542000000000006e-05
pairwise,16,131072,65538.289086482779,6.4665999999999994e-05
pairwise,17,131072,65530.932297100095,6.4791999999999999e-05
pairwise,18,131072,65487.566553593395,6.5042000000000005e-05
pairwise,19,131072,65438.560045447979,6.4957999999999997e-05
pairwise,20,131072,65806.43360917535,7.2291000000000003e-05
pairwise,21,131072,65610.637043634721,7.3166999999999999e-05
pairwise,22,131072,65475.955276336535,7.3458e-05
pairwise,23,131072,65623.587955245879,7.3332999999999997e-05
pairwise,24,131072,65409.415133559931,7.2999999999999999e-05
pairwise,25,131072,65432.990130084407,7.3625000000000001e-05
pairwise,26,131072,65578.010234694055,7.2959000000000004e-05
pairwise,27,131072,65589.455807879538,6.8833999999999999e-05
pairwise,28,131072,65377.997508519584,7.1291999999999994e-05
pairwise,29,131072,65589.43502458118,7.3207999999999994e-05
pairwise,30,131072,65367.053179006507,6.6791999999999993e-05
pairwise,31,131072,65219.659334384589,6.6540999999999999e-05
pairwise,32,131072,65559.187357220188,6.4459000000000001e-05
armadillo,1,131072,65519.653427652629,0.00010016700000000001
armadillo,2,131072,65444.839217451721,0.000100541
armadillo,3,131072,65445.355392121521,0.000101042
armadillo,4,131072,65620.057973080126,0.00010045899999999999
armadillo,5,131072,65555.336105667739,0.000100584
armadillo,6,131072,65580.783360776157,0.00010091599999999999
armadillo,7,131072,65610.011599921185,0.000100958
armadillo,8,131072,65410.790070251271,0.000101625
armadillo,9,131072,65554.718669701717,0.00010075
armadillo,10,131072,65448.979847267496,0.00010045800000000001
armadillo,11,131072,65527.167432675313,0.000101333
armadillo,12,131072,65565.44942879783,0.000101708
armadillo,13,131072,65616.934342455061,0.000106708
armadillo,14,131072,65407.121474531916,0.000105584
armadillo,15,131072,65546.576288041542,0.000104375
armadillo,16,131072,65538.289086482822,0.000101708
armadillo,17,131072,65530.93229710024,0.000103917
armadillo,18,131072,65487.566553593322,0.000102166
armadillo,19,131072,65438.560045447986,0.000101084
armadillo,20,131072,65806.433609175248,0.00011108299999999999
armadillo,21,131072,65610.637043634924,0.000102166
armadillo,22,131072,65475.955276336783,0.00010112500000000001
armadillo,23,131072,65623.58795524633,0.000101375
armadillo,24,131072,65409.415133559873,0.00010145900000000001
armadillo,25,131072,65432.990130084814,0.00010062500000000001
armadillo,26,131072,65578.0102346942,0.00010062500000000001
armadillo,27,131072,65589.455807879625,0.000101
armadillo,28,131072,65377.997508519926,0.000102334
armadillo,29,131072,65589.435024580802,0.000109042
armadillo,30,131072,65367.053179006718,0.00010108299999999999
armadillo,31,131072,65219.659334383978,0.00010045800000000001
armadillo,32,131072,65559.187357220086,0.000100208
kahan,1,524288,262317.03119829507,0.0037283749999999999
kahan,2,524288,261949.59593808185,0.003216708
kahan,3,524288,262369.26614481455,0.0032481670000000002
kahan,4,524288,262359.40243213641,0.0032065829999999998
kahan,5,524288,261822.36688630417,0.003204667
kahan,6,524288,261826.61553834635,0.0032303750000000002
kahan,7,524288,261836.75496410517,0.0032472500000000001
kahan,8,524288,262388.53637722298,0.0033172919999999999
kahan,9,524288,262259.42852366524,0.003238042
kahan,10,524288,262325.79852858098,0.0032095000000000001
kahan,11,524288,262202.2339443622,0.00324275
kahan,12,524288,262025.93082663257,0.003206459
kahan,13,524288,262209.27258795331,0.003225459
kahan,14,524288,261997.41057328499,0.0033404160000000001
kahan,15,524288,262407.23252945981,0.0032043750000000002
kahan,16,524288,262172.2948112688,0.0032078749999999998
pairwise,1,524288,262317.03119829507,0.00025849999999999999
pairwise,2,524288,261949.59593808185,0.00026108300000000001
pairwise,3,524288,262369.26614481455,0.00026241699999999998
pairwise,4,524288,262359.40243213647,0.00026645800000000002
pairwise,5,524288,261822.36688630417,0.000258583
pairwise,6,524288,261826.61553834635,0.00025845799999999998
pairwise,7,524288,261836.7549641052,0.00025816700000000001
pairwise,8,524288,262388.53637722303,0.000259292
pairwise,9,524288,262259.42852366529,0.000261
pairwise,10,524288,262325.79852858104,0.00025916600000000002
pairwise,11,524288,262202.23394436226,0.000258583
pairwise,12,524288,262025.93082663254,0.00025945800000000001
pairwise,13,524288,262209.27258795331,0.00025816700000000001
pairwise,14,524288,261997.41057328499,0.00026158300000000002
pairwise,15,524288,262407.23252945975,0.000271167
pairwise,16,524288,262172.2948112688,0.00025954199999999998
armadillo,1,524288,262317.03119829111,0.00041279100000000003
armadillo,2,524288,261949.59593808281,0.00040116700000000002
armadillo,3,524288,262369.26614481513,0.00040041700000000003
armadillo,4,524288,262359.40243213507,0.00040091600000000002
armadillo,5,524288,261822.36688630303,0.00040087500000000003
armadillo,6,524288,261826.61553834745,0.000400708
armadillo,7,524288,261836.75496410066,0.00040058299999999998
armadillo,8,524288,262388.53637722536,0.00040037500000000001
armadillo,9,524288,262259.42852366454,0.00040045899999999998
armadillo,10,524288,262325.79852858017,0.00040120899999999997
armadillo,11,524288,262202.23394436558,0.000416084
armadillo,12,524288,262025.93082663824,0.000415
armadillo,13,524288,262209.27258795599,0.00041399999999999998
armadillo,14,524288,261997.41057328659,0.000401042
armadillo,15,524288,262407.23252946057,0.00040045800000000002
armadillo,16,524288,262172.29481127026,0.00040062499999999999
